/*
 * Testdaten einfüllen
 */
-- TABLE  clubs

INSERT INTO clubs (clubId, Name, stadt, stadion, budget, gründungsjahr) VALUES
(1, 'FC Zürich', 'Zürich', 'Letzigrund', NULL, 1896),
(2, 'FC St. Gallen', 'St. Gallen', 'AFG Arena', NULL, 1879),
(3, 'FC Thun', 'Thun', 'Arena Thun', NULL, 1898),
(4, 'FC Vaduz', 'Vaduz', 'Rheinpark stadion', NULL, 1932),
(5, 'BSC Young Boys', 'Bern', 'Stade de Suisse', NULL, 1898),
(6, 'FC Sion', 'Sion', 'Stade Tourbillon', NULL, 1909),
(7, 'FC Luzern', 'Luzern', 'Swissporarena', NULL, 1901),
(8, 'FC Lugano', 'Lugano', 'Stadio Comaredo', NULL, 1908),
(9, 'Grasshopper Club Zürich', 'Zürich', 'Letzigrund', NULL, 1886),
(10, 'FC Basel', 'Basel', 'St. Jakob-Park', NULL, 1893),
(11, 'Neuchâtel Xamax FCS', 'Neuchâtel', 'Stade de la Maladière', NULL, 1896),
(12, 'Eintracht Frankfurt', 'Frankfurt', 'Commerzbank-Arena', NULL, 1899),
(13, 'Lazio Rom', 'Rom', 'Stadio Olimpico di Roma', NULL, 1900),
(14, 'FSV Frankfurt', 'Frankfurt', 'Frankfurter Volksbank Stadion', NULL, 1899),
(15, 'FC Winterthur', 'Winterthur', 'Schützenwiese', NULL, 1896),
(16, 'Hamburger SV', 'Hamburg', 'Volksparkstadion', NULL, 1887),
(17, 'Borussia Mönchengladbach', 'Mönchengladbach', 'Sportanlage Am Haus Lütz', NULL, 1900),
(18, 'Torino F.C.', 'Torino', 'Stadio Olimpico Torion', NULL, 1906),
(19, 'Vfl Wolfsburg II', 'Wolfsburg', 'AOK Stadion', NULL, 1945),
(20, 'FC Wohlen', 'Wohlen', 'Niedermatten', NULL, 1904),
(21, 'FC Wil', 'Wil', 'IGP Arena', NULL, 1900),
(22, 'FC Lugano', 'Lugano', 'Stadio di Cornaredo', NULL, 1908);

-- TABLE ligen

INSERT INTO ligen (ligaid, name, preisgeld, saison) VALUES
(1, 'Lega Nazionale Professionist Seria A', 1200000.0, 2016),
(2, 'Raiffeisen Super League', 1000000.0, 2016),
(3, 'Brack.ch Challenge League', 200000.0, 2016),
(4, 'Bundesliga', 5000000.0, 2016),
(5, '2. Bundesliga', 1000000.0, 2016),
(6, 'Axpo Super League', 800000.0, 2009),
(7, 'Bundesliga', 5000000.0, 2009),
(8, 'Fussball-Regionalliga Nord', 5000.0, 2016);

-- Table clubverteilungen
INSERT INTO clubverteilungen (clubLigaid, club, liga) VALUES
(1, 1, 2),
(2, 2, 2),
(3, 3, 2),
(4, 4, 2),
(5, 5, 2),
(6, 6, 2),
(7, 7, 2),
(8, 8, 2),
(9, 9, 2),
(10, 10, 2),
(11, 11, 3),
(12, 12, 4),
(13, 13, 1),
(14, 14, 5),
(15, 15, 3),
(16, 1, 6),
(17, 4, 6),
(18, 5, 6),
(19, 6, 6),
(20, 7, 6),
(21, 11, 6),
(22, 15, 3),
(23, 16, 4),
(24, 17, 4),
(25, 18, 1),
(26, 19, 8),
(27, 20, 3),
(28, 21, 3),
(29, 22, 2);

-- TABLE  angestellten
INSERT INTO angestellten (angid, vorname, nachname, gehalt, nummer, position, bereich) VALUES
(1001, 'Sami', 'Hyypiä', NULL, NULL, NULL, 'Chef'),
(1002, 'Massimo', 'Rizzo', NULL, NULL, NULL, 'Assistent'),
(1003 'Christian', 'Bösch', NULL, NULL, NULL, 'Torhüter'),
(1004, 'Yanick', 'Brecher', NULL, 1, 'Tor', NULL),
(1005, 'Anthony', 'Favre', NULL, 32, 'Tor', NULL),
(1006, 'Novem', 'Baumann', NULL, 31, 'Tor', NULL),
(1007, 'Armin', 'Alesevic', NULL, 19, 'Verteidigung', NULL),
(1008, 'Vinicius', 'De Freitas Ribeiro', NULL, 28, 'Verteidigung', NULL),
(1009, 'Leandro', 'Di Gregorio', NULL, 2, 'Verteidigung', NULL),
(1010, 'Berat', 'Djimsiti', NULL, 5, 'Verteidigung', NULL),
(1011, 'Ivan', 'Kecojevic', NULL, 25, 'Verteidigung', NULL),
(1012, 'Mike', 'Kleiber', NULL, 21, 'Verteidigung', NULL),
(1013, 'Philippe', 'Koch', NULL, 16, 'Verteidigung', NULL),
(1014, 'Alain', 'Nef', NULL, 13, 'Verteidigung', NULL),
(1015, 'Céderic', 'Brunner', NULL, 26, 'Mittelfeld', NULL),
(1016, 'Kevin', 'Bua', NULL, 33, 'Mittelfeld', NULL),
(1017, 'Oliver', 'Buff', NULL, 15, 'Mittelfeld', NULL),
(1018, 'Davide', 'Chiumiento', NULL, 10, 'Mittelfeld', NULL),
(1019, 'Anto', 'Grgic', NULL, 22, 'Mittelfeld', NULL),
(1020, 'Burim', 'Kukeli', NULL, 20, 'Mittelfeld', NULL),
(1021, 'Sangoné', 'Sarr', NULL, 33, 'Mittelfeld', NULL),
(1022, 'Christrian', 'Schneuwly', NULL, 29, 'Mittelfeld', NULL),
(1023, 'Marco', 'Schönbächler', NULL, 27, 'Mittelfeld', NULL),
(1024, 'Artem', 'Simonyan', NULL, 23, 'Mittelfeld', NULL),
(1025, 'Gilles', 'Yapi', NULL, 37, 'Mittelfeld', NULL),
(1026, 'Amine', 'Chermiti', NULL, 9, 'Angriff', NULL),
(1027, 'Franck', 'Etoundi', NULL, 14, 'Angriff', NULL),
(1028, 'Mario', 'Gavranovic', NULL, 7, 'Angriff', NULL),
(1029, 'Armando', 'Sadiku', NULL, 11, 'Angriff', NULL),
(1030, 'Nico', 'Elvedi', NULL, 30, 'Verteidigung', NULL);

-- TABLE anstellungen
INSERT INTO anstellungen (ansrellungsid, angid, club) VALUES
(1, 1001, 1),
(2, 1002, 1),
(3, 1003, 1),
(4, 1004, 1),
(5, 1005, 1),
(6, 1006, 1),
(7, 1007, 1),
(8, 1008, 1),
(9, 1009, 1),
(10, 1010, 1),
(11, 1011, 1),
(12, 1012, 1),
(13, 1013, 1),
(14, 1014, 1),
(15, 1015, 1),
(16, 1016, 1),
(17, 1017, 1),
(18, 1018, 1),
(19, 1019, 1),
(20, 1020, 1),
(21, 1021, 1),
(22, 1022, 1),
(23, 1023, 1),
(24, 1024, 1),
(25, 1025, 1),
(26, 1026, 1),
(27, 1027, 1),
(28, 1028, 1),
(29, 1029, 1),
(30, 1030, 17);

-- TABLE transfers
INSERT INTO transfers (transferid, käufer, verkäufer, angestellter, vertragsbeginn, vertragsende, summe) VALUES
(1030, 'Axel', 'Borgmann', NULL, 21, 'Verteidigung', NULL),
(1031, 'Migjen', 'Basha', NULL, 11, 'Mittelfeld', NULL),
(1032, 'Naser', 'Aliji', NULL, 27, 'Verteidigung', NULL),
(1033, 'Albion', 'Avdijaj', NULL, 7, 'Angriff', NULL),
(1034, 'Mergim', 'Brahimi', NULL, 11, 'Mittelfeld', NULL),
(1035, 'Sandro', 'Lombardi', NULL, 12, 'Mittelfeld', NULL);
-- TABLE  Zuschauer
-- See script in README.md
INSERT INTO zuschauer (zuschauerId, vorname, nachname, lieblingsverein) VALUES
(1, 'David', 'Bättig', 3),
(2, 'Silvia', 'Gut', 6),
(3, 'Daniela', 'Schenk', 14),
(4, 'Marco', 'Meier', 12),
(5, 'Verena', 'Bader', 5),
(6, 'Christine', 'Meyer', 6),
(7, 'Marco', 'Hess', 3),
(8, 'Roland', 'Wagner', 9),
(9, 'Urs', 'Bättig', 15),
(10, 'Christine', 'Lüscher', 3),
(11, 'David', 'Kern', 15),
(12, 'Maria', 'Lüthi', 13),
(13, 'Daniela', 'Lüscher', 8),
(14, 'Werner', 'Hotz', 5),
(15, 'Claudia', 'Bieri', 15),
(16, 'Hans', 'Bättig', 1),
(17, 'Monika', 'Hess', 14),
(18, 'Ruth', 'Hofmann', 15),
(19, 'Monika', 'Ackermann', NULL),
(20, 'Roland', 'Walter', 4),
(21, 'Roland', 'Michel', 2),
(22, 'Elisabeth', 'Weiss', 6),
(23, 'Stefan', 'Jenni', 10),
(24, 'David', 'Gisler', 14),
(25, 'Daniel', 'Ferrari', 8),
(26, 'Margrit', 'Gerber', 12),
(27, 'Marcel', 'Peter', 13),
(28, 'Marianne', 'Zürcher', 1),
(29, 'Marco', 'Hofmann', 9),
(30, 'Elisabeth', 'Kaiser', 10),
(31, 'Hans', 'Imhof', 5),
(32, 'Erika', 'Zollinger', 6),
(33, 'Anna', 'Giger', 13),
(34, 'Barbara', 'Tanner', 10),
(35, 'Barbara', 'Ackermann', 4),
(36, 'Werner', 'Schwarz', 2),
(37, 'Silvia', 'Schwarz', 12),
(38, 'Marcel', 'Grob', 3),
(39, 'David', 'Gross', 11),
(40, 'Claudia', 'Hirt', 10),
(41, 'Ursula', 'Weiss', 13),
(42, 'Elisabeth', 'Meili', 14),
(43, 'Marcel', 'Erni', 6),
(44, 'Margrit', 'Winkler', 13),
(45, 'Walter', 'Siegrist', 1),
(46, 'Marie', 'Siegrist', 8),
(47, 'Urs', 'Hofstetter', 5),
(48, 'Margrit', 'Felder', 4),
(49, 'Anna', 'Giger', 13),
(50, 'Sandra', 'Beck', 1),
(51, 'Verena', 'Küng', 2),
(52, 'Christian', 'Vögeli', 15),
(53, 'Thomas', 'Grob', 8),
(54, 'Elisabeth', 'Kunz', 13),
(55, 'Christian', 'Bernasconi', 7),
(56, 'Thomas', 'Küng', 7),
(57, 'David', 'Hirt', 6),
(58, 'Margrit', 'Bolliger', 5),
(59, 'Elisabeth', 'Kaiser', 6),
(60, 'Elisabeth', 'Kunz', 12),
(61, 'Margrit', 'Wirz', 8),
(62, 'Daniel', 'Vögeli', 4),
(63, 'Marie', 'Schaub', 15),
(64, 'Margrit', 'Schwarz', 5),
(65, 'Monika', 'Schenk', 7),
(66, 'Bruno', 'Kägi', 12),
(67, 'Markus', 'Tobler', 15),
(68, 'Marie', 'Grob', 9),
(69, 'Martin', 'Meyer', 2),
(70, 'Christian', 'Senn', 7),
(71, 'Verena', 'Bachmann', 15),
(72, 'Christine', 'Probst', 6),
(73, 'Nicole', 'Meyer', 11),
(74, 'Hans', 'Kägi', 7),
(75, 'Nicole', 'Ritter', 8),
(76, 'Maria', 'Schumacher', 1),
(77, 'Andrea', 'Baumgartner', 6),
(78, 'Silvia', 'Schäfer', 15),
(79, 'Christian', 'Gut', 15),
(80, 'Karin', 'Bühler', 9),
(81, 'Daniel', 'Bieri', 9),
(82, 'Bruno', 'Tobler', 14),
(83, 'Claudia', 'Baumgartner', 7),
(84, 'Christine', 'Marti', 14),
(85, 'Ursula', 'Kuhn', 5),
(86, 'Marianne', 'Zürcher', 12),
(87, 'Daniela', 'Meier', 2),
(88, 'Daniel', 'Bär', 10),
(89, 'Marianne', 'Leu', 4),
(90, 'Barbara', 'Zollinger', 1),
(91, 'Daniel', 'Gisler', 9),
(92, 'Urs', 'Vögeli', 5),
(93, 'Werner', 'Wagner', 7),
(94, 'Werner', 'Felder', 4),
(95, 'Patrick', 'Walter', 3),
(96, 'Claudia', 'Wirz', 4),
(97, 'Daniela', 'Hess', 10),
(98, 'Claudia', 'Hodel', 12),
(99, 'Silvia', 'Schenk', 9),
(100, 'Karin', 'Küng', 3),
(101, 'Silvia', 'Hauser', 2),
(102, 'Erika', 'Mettler', 1),
(103, 'Barbara', 'Mettler', 10),
(104, 'René', 'Fischer', 10),
(105, 'Margrit', 'Schenk', 3),
(106, 'Claudia', 'Braun', 4),
(107, 'Andrea', 'Schwarz', 3),
(108, 'Walter', 'Amrein', 7),
(109, 'Roland', 'Bühler', 1),
(110, 'Erika', 'Knecht', NULL),
(111, 'Marie', 'Imhof', 4),
(112, 'Patrick', 'Mettler', 13),
(113, 'Walter', 'Schäfer', 2),
(114, 'Martin', 'Hunziker', 3),
(115, 'David', 'Ferrari', 13),
(116, 'Sandra', 'Baumgartner', 12),
(117, 'Urs', 'Ackermann', 14),
(118, 'Walter', 'Bolliger', 10),
(119, 'Thomas', 'Wehrli', 14),
(120, 'Thomas', 'Scherrer', 3),
(121, 'Daniel', 'Hess', 1),
(122, 'Peter', 'Baumann', 6),
(123, 'René', 'Bosshard', 2),
(124, 'Erika', 'Michel', 8),
(125, 'Werner', 'Erni', 7),
(126, 'Verena', 'Braun', 11),
(127, 'Daniela', 'Zollinger', 10),
(128, 'David', 'Hotz', 11),
(129, 'Martin', 'Mäder', 11),
(130, 'Martin', 'Bucher', 13),
(131, 'Hans', 'Siegrist', 8),
(132, 'Hans', 'Bernasconi', 14),
(133, 'Daniel', 'Bianchi', 15),
(134, 'Marco', 'Bernasconi', 2),
(135, 'Maria', 'Baumann', 6),
(136, 'Marco', 'Zürcher', 10),
(137, 'Walter', 'Ott', 7),
(138, 'David', 'Schäfer', 5),
(139, 'Hans', 'Rüegg', 14),
(140, 'Sandra', 'Hirt', 13),
(141, 'Ruth', 'Küng', NULL),
(142, 'Maria', 'Schwarz', 15),
(143, 'Andrea', 'Berger', 1),
(144, 'Sandra', 'Bianchi', 11),
(145, 'Werner', 'Kunz', 10),
(146, 'Erika', 'Steiger', 5),
(147, 'Karin', 'Geiger', 7),
(148, 'Margrit', 'Gut', 11),
(149, 'Nicole', 'Walter', NULL),
(150, 'Werner', 'Kern', 3),
(151, 'Sandra', 'Wagner', NULL),
(152, 'Werner', 'Küng', 13),
(153, 'Ursula', 'Schnyder', 5),
(154, 'Silvia', 'Bernasconi', 11),
(155, 'René', 'Geiger', 12),
(156, 'Anna', 'Gut', NULL),
(157, 'Ruth', 'Meier', 3),
(158, 'Peter', 'Siegrist', 4),
(159, 'Ursula', 'Bär', 8),
(160, 'Sandra', 'Frick', 6),
(161, 'Walter', 'Erni', 1),
(162, 'Ruth', 'Ackermann', 5),
(163, 'Elisabeth', 'Kaiser', 12),
(164, 'Hans', 'Zollinger', 8),
(165, 'Nicole', 'Baumgartner', 3),
(166, 'Daniela', 'Schneider', 13),
(167, 'Stefan', 'Hunziker', 6),
(168, 'Sandra', 'Albrecht', 6),
(169, 'Maria', 'Felder', 7),
(170, 'Ursula', 'Hafner', 8),
(171, 'Andreas', 'Leu', NULL),
(172, 'Ruth', 'Rüegg', 7),
(173, 'Marie', 'Hafner', 15),
(174, 'Roland', 'Schaub', 9),
(175, 'Werner', 'Gut', NULL),
(176, 'Monika', 'Bosshard', 4),
(177, 'Nicole', 'Kägi', 4),
(178, 'Werner', 'Bucher', 11),
(179, 'Barbara', 'Tanner', 1),
(180, 'Karin', 'Walter', NULL),
(181, 'Elisabeth', 'Hartmann', 8),
(182, 'Sandra', 'Schwarz', 6),
(183, 'Marco', 'Mettler', 5),
(184, 'Elisabeth', 'Albrecht', 6),
(185, 'Stefan', 'Lüthi', 10),
(186, 'Stefan', 'Kern', 9),
(187, 'Marie', 'Bachmann', 5),
(188, 'Marcel', 'Schär', 2),
(189, 'Andreas', 'Vögeli', 2),
(190, 'Christine', 'Gross', 14),
(191, 'Andrea', 'Ziegler', 8),
(192, 'Bruno', 'Tobler', 5),
(193, 'Marianne', 'Tobler', 6),
(194, 'Anna', 'Meier', 3),
(195, 'Sandra', 'Wehrli', 13),
(196, 'Margrit', 'Kägi', 1),
(197, 'Karin', 'Hodel', 11),
(198, 'Marcel', 'Bucher', 7),
(199, 'Hans', 'Maier', 10),
(200, 'Andreas', 'Gerber', 13),
(201, 'Werner', 'Bättig', 12),
(202, 'Claudia', 'Meili', 5),
(203, 'Peter', 'Winkler', 2),
(204, 'Werner', 'Egli', 7),
(205, 'Christine', 'Scherrer', NULL),
(206, 'Marcel', 'Hartmann', 12),
(207, 'Stefan', 'Schumacher', 8),
(208, 'Stefan', 'Wehrli', 13),
(209, 'Claudia', 'Meyer', 7),
(210, 'Verena', 'Kessler', 2),
(211, 'Verena', 'Schär', 14),
(212, 'Walter', 'Baumann', 13),
(213, 'Elisabeth', 'Ziegler', 10),
(214, 'Sandra', 'Ritter', 4),
(215, 'Thomas', 'Hofmann', 12),
(216, 'Nicole', 'Lüthi', 10),
(217, 'Andrea', 'Ackermann', 12),
(218, 'Ruth', 'Senn', 13),
(219, 'Christine', 'Bär', 5),
(220, 'Daniel', 'Zollinger', 3),
(221, 'Martin', 'Hug', 9),
(222, 'Elisabeth', 'Hess', 6),
(223, 'Maria', 'Schwarz', 6),
(224, 'Andreas', 'Tobler', 3),
(225, 'Anna', 'Lüthi', 10),
(226, 'Marcel', 'Bühler', 5),
(227, 'Barbara', 'Walter', 4),
(228, 'Andrea', 'Winkler', 4),
(229, 'Walter', 'Bühler', 10),
(230, 'Marco', 'Michel', 5),
(231, 'Claudia', 'Beck', 12),
(232, 'Elisabeth', 'Bolliger', 12),
(233, 'Marcel', 'Näf', 11),
(234, 'Monika', 'Schneider', 9),
(235, 'Silvia', 'Schenk', 15),
(236, 'Walter', 'Maier', 11),
(237, 'Urs', 'Hug', 11),
(238, 'Roland', 'Schumacher', 12),
(239, 'Marie', 'Winkler', 3),
(240, 'Marco', 'Stadelmann', 8),
(241, 'Daniela', 'Baumann', 13),
(242, 'Monika', 'Schaub', 7),
(243, 'Marianne', 'Bättig', 3),
(244, 'Verena', 'Kuhn', 10),
(245, 'Marcel', 'Hartmann', 7),
(246, 'Claudia', 'Rüegg', 7),
(247, 'Martin', 'Bühler', NULL),
(248, 'Christine', 'Kägi', 8),
(249, 'Stefan', 'Favre', 4),
(250, 'Christine', 'Ritter', 15),
(251, 'Andreas', 'Wehrli', 8),
(252, 'Erika', 'Maier', 11),
(253, 'Markus', 'Ammann', 8),
(254, 'Markus', 'Gisler', 12),
(255, 'Stefan', 'Michel', 6),
(256, 'Monika', 'Knecht', NULL),
(257, 'Daniela', 'Gerber', 10),
(258, 'Marie', 'Hofstetter', 8),
(259, 'Andrea', 'Kägi', 12),
(260, 'Ruth', 'Baumgartner', 15),
(261, 'Daniel', 'Bianchi', 12),
(262, 'Roland', 'Hunziker', 9),
(263, 'Barbara', 'Schnyder', 12),
(264, 'Ruth', 'Michel', 4),
(265, 'Walter', 'Maier', 9),
(266, 'Peter', 'Bianchi', 8),
(267, 'Thomas', 'Ziegler', 7),
(268, 'Claudia', 'Hofstetter', 12),
(269, 'Christian', 'Hofmann', 2),
(270, 'Marco', 'Stadelmann', 13),
(271, 'Monika', 'Walter', 1),
(272, 'Marie', 'Gross', 15),
(273, 'Peter', 'Wirz', 6),
(274, 'Monika', 'Fuchs', 4),
(275, 'René', 'Kuhn', 14),
(276, 'Sandra', 'Schumacher', 1),
(277, 'Bruno', 'Mayer', 7),
(278, 'Roland', 'Geiger', 9),
(279, 'Patrick', 'Hunziker', 13),
(280, 'Claudia', 'Walter', 12),
(281, 'Daniel', 'Hofstetter', 12),
(282, 'Marie', 'Hunziker', 2),
(283, 'Urs', 'Ziegler', 2),
(284, 'Monika', 'Mayer', 5),
(285, 'Christine', 'Ritter', 2),
(286, 'Hans', 'Frey', 10),
(287, 'Marcel', 'Vögeli', 3),
(288, 'Andrea', 'Hug', 13),
(289, 'Christian', 'Scherrer', 13),
(290, 'Markus', 'Hauser', 5),
(291, 'Bruno', 'Albrecht', 8),
(292, 'Stefan', 'Scherrer', 11),
(293, 'Werner', 'Hauser', 5),
(294, 'Margrit', 'Näf', 8),
(295, 'Marco', 'Berger', 6),
(296, 'Hans', 'Bättig', 8),
(297, 'Christine', 'Lüthi', 3),
(298, 'Margrit', 'Steiger', 2),
(299, 'Barbara', 'Walter', 11),
(300, 'Marianne', 'Imhof', 5),
(301, 'Verena', 'Beck', 3),
(302, 'René', 'Hirt', 11),
(303, 'Werner', 'Burri', 1),
(304, 'Verena', 'Kaiser', 3),
(305, 'Marianne', 'Stadelmann', 11),
(306, 'Urs', 'Imhof', 7),
(307, 'Silvia', 'Mäder', 8),
(308, 'Markus', 'Erni', 2),
(309, 'Andreas', 'Schäfer', 3),
(310, 'Martin', 'Schär', 3),
(311, 'Barbara', 'Geiger', 1),
(312, 'Andrea', 'Bader', 9),
(313, 'Werner', 'Gerber', 12),
(314, 'Thomas', 'Probst', 11),
(315, 'Ruth', 'Michel', 15),
(316, 'Marie', 'Knecht', 6),
(317, 'Barbara', 'Schumacher', 2),
(318, 'Peter', 'Bosshard', 10),
(319, 'David', 'Senn', 3),
(320, 'Ursula', 'Bolliger', 11),
(321, 'Patrick', 'Bucher', NULL),
(322, 'Marianne', 'Berger', 8),
(323, 'Karin', 'Stutz', 13),
(324, 'Karin', 'Scherrer', 3),
(325, 'Andreas', 'Hug', 9),
(326, 'Thomas', 'Bianchi', 12),
(327, 'Christine', 'Stutz', 9),
(328, 'Anna', 'Ott', 6),
(329, 'Erika', 'Hess', 7),
(330, 'Elisabeth', 'Hofstetter', 14),
(331, 'Marcel', 'Wagner', 13),
(332, 'Bruno', 'Leu', 8),
(333, 'Andreas', 'Bär', 9),
(334, 'Walter', 'Schenk', 6),
(335, 'Barbara', 'Kessler', 10),
(336, 'Bruno', 'Frick', 14),
(337, 'Thomas', 'Kern', 7),
(338, 'Elisabeth', 'Rüegg', 5),
(339, 'Ursula', 'Staub', 2),
(340, 'Erika', 'Bucher', 8),
(341, 'Christian', 'Frey', 3),
(342, 'Martin', 'Hafner', 12),
(343, 'Christian', 'Meyer', 9),
(344, 'Roland', 'Schmidt', 11),
(345, 'Ursula', 'Schär', 15),
(346, 'Markus', 'Hafner', 13),
(347, 'Anna', 'Grob', 10),
(348, 'Elisabeth', 'Probst', 9),
(349, 'Barbara', 'Schaub', 14),
(350, 'Sandra', 'Scherrer', 8),
(351, 'Silvia', 'Jenni', 11),
(352, 'Verena', 'Schumacher', 5),
(353, 'Ruth', 'Berger', 14),
(354, 'Stefan', 'Baur', 7),
(355, 'Margrit', 'Staub', 8),
(356, 'Silvia', 'Bernasconi', 12),
(357, 'Claudia', 'Gut', 2),
(358, 'Elisabeth', 'Schäfer', 5),
(359, 'Anna', 'Kuhn', 1),
(360, 'Daniela', 'Hug', 14),
(361, 'Maria', 'Hodel', 13),
(362, 'Christian', 'Baumgartner', 9),
(363, 'Silvia', 'Küng', 10),
(364, 'Ursula', 'Berger', 1),
(365, 'Patrick', 'Kaiser', 9),
(366, 'Verena', 'Kunz', 11),
(367, 'David', 'Schneider', 15),
(368, 'Bruno', 'Jenni', 15),
(369, 'Andreas', 'Näf', 9),
(370, 'Christine', 'Scherrer', 4),
(371, 'Marcel', 'Michel', 5),
(372, 'Claudia', 'Gerber', 1),
(373, 'René', 'Senn', 8),
(374, 'Anna', 'Gut', NULL),
(375, 'Christian', 'Hodel', 10),
(376, 'Peter', 'Mettler', 11),
(377, 'Hans', 'Hunziker', 5),
(378, 'Daniela', 'Hodel', 12),
(379, 'Monika', 'Baumgartner', 13),
(380, 'Verena', 'Ferrari', 14),
(381, 'Marie', 'Fischer', NULL),
(382, 'Monika', 'Ammann', 1),
(383, 'Urs', 'Staub', 8),
(384, 'Elisabeth', 'Lüthi', 5),
(385, 'Walter', 'Meili', 4),
(386, 'Martin', 'Kessler', NULL),
(387, 'Daniela', 'Peter', 9),
(388, 'Verena', 'Ammann', 14),
(389, 'Monika', 'Hafner', 3),
(390, 'Christian', 'Kägi', 2),
(391, 'Claudia', 'Weiss', 5),
(392, 'Christine', 'Lüscher', 7),
(393, 'Marco', 'Imhof', NULL),
(394, 'Erika', 'Felder', 1),
(395, 'Silvia', 'Weiss', 9),
(396, 'Margrit', 'Bader', 14),
(397, 'Urs', 'Mäder', 1),
(398, 'Markus', 'Fischer', 7),
(399, 'Patrick', 'Steiger', NULL),
(400, 'Bruno', 'Amrein', 15),
(401, 'Andreas', 'Baumgartner', 15),
(402, 'Sandra', 'Ziegler', 11),
(403, 'Silvia', 'Näf', 2),
(404, 'Daniela', 'Küng', 14),
(405, 'Anna', 'Egli', 12),
(406, 'Martin', 'Baumann', 6),
(407, 'Christian', 'Fischer', 10),
(408, 'Marcel', 'Ammann', 5),
(409, 'Urs', 'Winkler', 8),
(410, 'Erika', 'Kägi', 11),
(411, 'Ursula', 'Hunziker', 11),
(412, 'Nicole', 'Zürcher', 8),
(413, 'Claudia', 'Stutz', 3),
(414, 'Monika', 'Schär', 12),
(415, 'Marianne', 'Gerber', 4),
(416, 'Bruno', 'Hodel', 5),
(417, 'Andrea', 'Fuchs', 12),
(418, 'Urs', 'Schmidt', 6),
(419, 'Christine', 'Meyer', 12),
(420, 'Martin', 'Mettler', 6),
(421, 'Barbara', 'Meier', 6),
(422, 'Barbara', 'Meyer', 10),
(423, 'Verena', 'Meyer', 14),
(424, 'Daniel', 'Küng', 4),
(425, 'Claudia', 'Wehrli', NULL),
(426, 'Anna', 'Hodel', 3),
(427, 'Walter', 'Vögeli', 13),
(428, 'Marianne', 'Weiss', 14),
(429, 'Marco', 'Stucki', 3),
(430, 'Marcel', 'Baur', 12),
(431, 'Bruno', 'Ott', 5),
(432, 'Elisabeth', 'Bachmann', 4),
(433, 'Patrick', 'Kunz', NULL),
(434, 'Maria', 'Schär', 7),
(435, 'Marie', 'Knecht', 9),
(436, 'Roland', 'Bieri', 4),
(437, 'Bruno', 'Ackermann', 5),
(438, 'Barbara', 'Hunziker', 2),
(439, 'Werner', 'Ackermann', 8),
(440, 'Christian', 'Erni', 9),
(441, 'Anna', 'Frey', 6),
(442, 'Verena', 'Hartmann', 7),
(443, 'Nicole', 'Egli', 8),
(444, 'Hans', 'Meyer', 12),
(445, 'David', 'Schwarz', 4),
(446, 'Marcel', 'Erni', 1),
(447, 'Urs', 'Ritter', 12),
(448, 'Roland', 'Ziegler', 12),
(449, 'Markus', 'Tobler', 14),
(450, 'Marianne', 'Wirz', 11),
(451, 'Peter', 'Schmidt', 12),
(452, 'Erika', 'Leu', 12),
(453, 'Roland', 'Peter', 3),
(454, 'Daniela', 'Giger', 13),
(455, 'Roland', 'Senn', 8),
(456, 'Martin', 'Mettler', 12),
(457, 'Markus', 'Ackermann', 10),
(458, 'Ursula', 'Weiss', 12),
(459, 'Monika', 'Mettler', 8),
(460, 'Erika', 'Hafner', 15),
(461, 'Sandra', 'Amrein', 1),
(462, 'Barbara', 'Küng', NULL),
(463, 'David', 'Lüthi', 6),
(464, 'Marie', 'Ackermann', 3),
(465, 'Claudia', 'Walter', 3),
(466, 'Marie', 'Kägi', 9),
(467, 'Maria', 'Hafner', 5),
(468, 'Markus', 'Zürcher', 2),
(469, 'Daniel', 'Schwarz', 13),
(470, 'Ursula', 'Frick', 15),
(471, 'Roland', 'Näf', 2),
(472, 'Nicole', 'Bucher', 4),
(473, 'David', 'Stucki', 2),
(474, 'Marie', 'Hug', 15),
(475, 'Roland', 'Giger', 15),
(476, 'Verena', 'Ammann', 5),
(477, 'Marianne', 'Meier', 6),
(478, 'Margrit', 'Mayer', 10),
(479, 'Daniel', 'Tanner', 4),
(480, 'Marcel', 'Tanner', 7),
(481, 'Martin', 'Bader', 5),
(482, 'Margrit', 'Meier', 3),
(483, 'Sandra', 'Erni', 6),
(484, 'Karin', 'Meili', 4),
(485, 'Maria', 'Erni', 11),
(486, 'Martin', 'Grob', 5),
(487, 'Walter', 'Kern', 6),
(488, 'Christine', 'Vögeli', 4),
(489, 'Patrick', 'Bühler', 7),
(490, 'Anna', 'Probst', 14),
(491, 'Christian', 'Mäder', 8),
(492, 'Maria', 'Senn', 5),
(493, 'Ruth', 'Gross', 8),
(494, 'Andreas', 'Fuchs', 11),
(495, 'Nicole', 'Tanner', 1),
(496, 'Karin', 'Schaub', 9),
(497, 'Daniela', 'Kern', 14),
(498, 'Marcel', 'Hirt', 14),
(499, 'Daniel', 'Maier', 10),
(500, 'Karin', 'Baumann', 10),
(501, 'René', 'Maier', 1),
(502, 'Marianne', 'Grob', 14),
(503, 'Markus', 'Bosshard', 11),
(504, 'Christine', 'Braun', 13),
(505, 'Margrit', 'Ammann', 4),
(506, 'David', 'Kaiser', 11),
(507, 'Marie', 'Knecht', 12),
(508, 'David', 'Rüegg', 4),
(509, 'Daniela', 'Bär', 12),
(510, 'Martin', 'Mäder', NULL),
(511, 'Elisabeth', 'Wirz', 3),
(512, 'Patrick', 'Wehrli', 15),
(513, 'Patrick', 'Michel', 3),
(514, 'Marcel', 'Bosshard', 4),
(515, 'Bruno', 'Hartmann', 6),
(516, 'Marie', 'Scherrer', NULL),
(517, 'Karin', 'Hess', 5),
(518, 'Margrit', 'Scherrer', 14),
(519, 'Martin', 'Berger', 6),
(520, 'Christine', 'Burri', 8),
(521, 'Christian', 'Hafner', 5),
(522, 'Anna', 'Weiss', 12),
(523, 'Erika', 'Mäder', 1),
(524, 'Elisabeth', 'Schmidt', 1),
(525, 'Markus', 'Peter', 2),
(526, 'Werner', 'Maier', 12),
(527, 'Marie', 'Knecht', 8),
(528, 'Ursula', 'Marti', 2),
(529, 'Silvia', 'Baumgartner', 6),
(530, 'Christine', 'Wirz', 13),
(531, 'Patrick', 'Mäder', 6),
(532, 'Walter', 'Schäfer', 14),
(533, 'Maria', 'Hess', 13),
(534, 'Christian', 'Staub', 1),
(535, 'Karin', 'Schaub', NULL),
(536, 'Markus', 'Favre', 6),
(537, 'Claudia', 'Steiger', 15),
(538, 'René', 'Lüthi', 4),
(539, 'Elisabeth', 'Frey', NULL),
(540, 'Thomas', 'Ziegler', 6),
(541, 'Roland', 'Albrecht', 5),
(542, 'Markus', 'Steiger', 7),
(543, 'Andreas', 'Stucki', NULL),
(544, 'Maria', 'Wirz', 11),
(545, 'Margrit', 'Baumann', 12),
(546, 'Marcel', 'Stutz', 6),
(547, 'Urs', 'Näf', 13),
(548, 'Sandra', 'Berger', 12),
(549, 'Patrick', 'Bianchi', 13),
(550, 'Hans', 'Staub', 2),
(551, 'Peter', 'Weiss', 15),
(552, 'Maria', 'Bär', 6),
(553, 'Silvia', 'Favre', 11),
(554, 'Erika', 'Stadelmann', 4),
(555, 'Karin', 'Hauser', 4),
(556, 'Daniel', 'Kern', 15),
(557, 'Verena', 'Winkler', 4),
(558, 'Monika', 'Mäder', 2),
(559, 'Nicole', 'Ferrari', 14),
(560, 'Stefan', 'Walter', 15),
(561, 'Andrea', 'Beck', 4),
(562, 'Maria', 'Kuhn', 10),
(563, 'Erika', 'Bucher', 10),
(564, 'Walter', 'Bieri', 5),
(565, 'Maria', 'Mayer', 15),
(566, 'Marianne', 'Berger', 7),
(567, 'Nicole', 'Berger', 6),
(568, 'Ruth', 'Lüscher', 13),
(569, 'Silvia', 'Siegrist', 13),
(570, 'René', 'Kuhn', 9),
(571, 'Urs', 'Baumann', 15),
(572, 'Margrit', 'Hofstetter', 7),
(573, 'Hans', 'Lüthi', 15),
(574, 'Andreas', 'Hug', 4),
(575, 'Claudia', 'Gross', 6),
(576, 'Margrit', 'Meyer', 11),
(577, 'Andrea', 'Hofstetter', 10),
(578, 'René', 'Schenk', 6),
(579, 'Thomas', 'Ritter', 6),
(580, 'Patrick', 'Gut', 6),
(581, 'Peter', 'Bianchi', 1),
(582, 'Andreas', 'Hug', 4),
(583, 'Verena', 'Schnyder', 15),
(584, 'Andrea', 'Bär', 13),
(585, 'Marie', 'Mayer', 7),
(586, 'Patrick', 'Fuchs', 4),
(587, 'David', 'Fischer', 11),
(588, 'Maria', 'Bernasconi', 6),
(589, 'Marie', 'Baumgartner', 1),
(590, 'René', 'Baur', 4),
(591, 'Martin', 'Marti', 14),
(592, 'Roland', 'Kunz', 1),
(593, 'Ursula', 'Beck', 2),
(594, 'Martin', 'Baumann', 15),
(595, 'Maria', 'Kunz', 6),
(596, 'Daniela', 'Schenk', 13),
(597, 'Sandra', 'Kuhn', 5),
(598, 'Verena', 'Schumacher', NULL),
(599, 'Erika', 'Stadelmann', 14),
(600, 'Nicole', 'Hauser', 6);

-- TABLE zuschauerverteilungen
INSERT INTO zuschauerverteilungen (zuschauerVerteilungsId, spiel, besucher) VALUES
(1, 1, 361),
(2, 1, 372),
(3, 1, 291),
(4, 1, 527),
(5, 1, 137),
(6, 1, 347),
(7, 1, 130),
(8, 1, 65),
(9, 1, 422),
(10, 1, 106),
(11, 1, 59),
(12, 1, 34),
(13, 1, 62),
(14, 1, 200),
(15, 1, 545),
(16, 1, 133),
(17, 1, 32),
(18, 1, 568),
(19, 1, 28),
(20, 1, 218),
(21, 1, 554),
(22, 1, 489),
(23, 1, 13),
(24, 1, 538),
(25, 1, 584),
(26, 1, 377),
(27, 1, 183),
(28, 1, 97),
(29, 1, 486),
(30, 1, 175),
(31, 1, 513),
(32, 1, 103),
(33, 1, 484),
(34, 1, 592),
(35, 1, 129),
(36, 1, 128),
(37, 1, 223),
(38, 1, 54),
(39, 1, 255),
(40, 1, 289),
(41, 1, 279),
(42, 1, 48),
(43, 1, 499),
(44, 1, 283),
(45, 1, 250),
(46, 1, 36),
(47, 1, 353),
(48, 1, 262),
(49, 1, 524),
(50, 1, 199),
(51, 1, 451),
(52, 1, 398),
(53, 1, 388),
(54, 1, 476),
(55, 1, 548),
(56, 1, 385),
(57, 1, 215),
(58, 1, 330),
(59, 1, 454),
(60, 1, 285),
(61, 1, 21),
(62, 1, 152),
(63, 1, 142),
(64, 1, 31),
(65, 1, 132),
(66, 1, 94),
(67, 1, 515),
(68, 1, 306),
(69, 1, 445),
(70, 1, 452),
(71, 1, 91),
(72, 1, 362),
(73, 1, 17),
(74, 1, 124),
(75, 1, 338),
(76, 1, 200),
(77, 1, 433),
(78, 1, 269),
(79, 1, 501),
(80, 1, 60),
(81, 1, 242),
(82, 1, 579),
(83, 1, 279),
(84, 1, 155),
(85, 1, 261),
(86, 1, 470),
(87, 1, 578),
(88, 1, 355),
(89, 1, 179),
(90, 1, 79),
(91, 1, 275),
(92, 1, 421),
(93, 1, 166),
(94, 1, 329),
(95, 1, 385),
(96, 1, 447),
(97, 1, 38),
(98, 1, 585),
(99, 1, 118),
(100, 1, 147),
(101, 2, 385),
(102, 2, 298),
(103, 2, 355),
(104, 2, 562),
(105, 2, 479),
(106, 2, 577),
(107, 2, 363),
(108, 2, 454),
(109, 2, 460),
(110, 2, 402),
(111, 2, 599),
(112, 2, 36),
(113, 2, 466),
(114, 2, 391),
(115, 2, 309),
(116, 2, 116),
(117, 2, 444),
(118, 2, 533),
(119, 2, 472),
(120, 2, 167),
(121, 2, 566),
(122, 2, 561),
(123, 2, 478),
(124, 2, 560),
(125, 2, 184),
(126, 2, 30),
(127, 2, 143),
(128, 2, 132),
(129, 2, 466),
(130, 2, 531),
(131, 2, 315),
(132, 2, 455),
(133, 2, 246),
(134, 2, 115),
(135, 2, 105),
(136, 2, 208),
(137, 2, 11),
(138, 2, 492),
(139, 2, 25),
(140, 2, 520),
(141, 2, 334),
(142, 2, 283),
(143, 2, 96),
(144, 2, 299),
(145, 2, 24),
(146, 2, 185),
(147, 2, 587),
(148, 2, 297),
(149, 2, 265),
(150, 2, 300),
(151, 2, 260),
(152, 2, 495),
(153, 2, 531),
(154, 2, 152),
(155, 2, 350),
(156, 2, 26),
(157, 2, 281),
(158, 2, 424),
(159, 2, 316),
(160, 2, 373),
(161, 2, 136),
(162, 2, 160),
(163, 2, 558),
(164, 2, 484),
(165, 2, 22),
(166, 2, 393),
(167, 2, 462),
(168, 2, 477),
(169, 2, 475),
(170, 2, 579),
(171, 2, 503),
(172, 2, 395),
(173, 2, 466),
(174, 2, 291),
(175, 2, 87),
(176, 2, 563),
(177, 2, 595),
(178, 2, 555),
(179, 2, 354),
(180, 2, 205),
(181, 2, 60),
(182, 2, 550),
(183, 2, 120),
(184, 2, 162),
(185, 2, 483),
(186, 2, 236),
(187, 2, 463),
(188, 2, 106),
(189, 2, 430),
(190, 2, 285),
(191, 2, 582),
(192, 2, 553),
(193, 2, 96),
(194, 2, 14),
(195, 2, 500),
(196, 2, 210),
(197, 2, 12),
(198, 2, 532),
(199, 2, 73),
(200, 2, 178),
(201, 3, 211),
(202, 3, 122),
(203, 3, 109),
(204, 3, 63),
(205, 3, 288),
(206, 3, 473),
(207, 3, 465),
(208, 3, 308),
(209, 3, 155),
(210, 3, 467),
(211, 3, 540),
(212, 3, 293),
(213, 3, 260),
(214, 3, 130),
(215, 3, 421),
(216, 3, 91),
(217, 3, 222),
(218, 3, 119),
(219, 3, 257),
(220, 3, 283),
(221, 3, 554),
(222, 3, 303),
(223, 3, 522),
(224, 3, 476),
(225, 3, 549),
(226, 3, 255),
(227, 3, 461),
(228, 3, 360),
(229, 3, 290),
(230, 3, 344),
(231, 3, 327),
(232, 3, 68),
(233, 3, 348),
(234, 3, 69),
(235, 3, 46),
(236, 3, 304),
(237, 3, 600),
(238, 3, 429),
(239, 3, 221),
(240, 3, 287),
(241, 3, 375),
(242, 3, 543),
(243, 3, 415),
(244, 3, 557),
(245, 3, 37),
(246, 3, 229),
(247, 3, 111),
(248, 3, 192),
(249, 3, 222),
(250, 3, 499),
(251, 3, 578),
(252, 3, 26),
(253, 3, 260),
(254, 3, 346),
(255, 3, 303),
(256, 3, 455),
(257, 3, 225),
(258, 3, 121),
(259, 3, 258),
(260, 3, 186),
(261, 3, 326),
(262, 3, 500),
(263, 3, 517),
(264, 3, 124),
(265, 3, 470),
(266, 3, 272),
(267, 3, 121),
(268, 3, 63),
(269, 3, 83),
(270, 3, 545),
(271, 3, 301),
(272, 3, 580),
(273, 3, 378),
(274, 3, 489),
(275, 3, 382),
(276, 3, 487),
(277, 3, 300),
(278, 3, 400),
(279, 3, 62),
(280, 3, 15),
(281, 3, 76),
(282, 3, 482),
(283, 3, 360),
(284, 3, 132),
(285, 3, 517),
(286, 3, 468),
(287, 3, 299),
(288, 3, 342),
(289, 3, 111),
(290, 3, 530),
(291, 3, 567),
(292, 3, 195),
(293, 3, 551),
(294, 3, 129),
(295, 3, 363),
(296, 3, 565),
(297, 3, 421),
(298, 3, 482),
(299, 3, 4),
(300, 3, 559),
(301, 4, 352),
(302, 4, 385),
(303, 4, 6),
(304, 4, 6),
(305, 4, 232),
(306, 4, 271),
(307, 4, 124),
(308, 4, 374),
(309, 4, 235),
(310, 4, 135),
(311, 4, 554),
(312, 4, 138),
(313, 4, 77),
(314, 4, 149),
(315, 4, 57),
(316, 4, 11),
(317, 4, 88),
(318, 4, 273),
(319, 4, 276),
(320, 4, 513),
(321, 4, 121),
(322, 4, 231),
(323, 4, 253),
(324, 4, 222),
(325, 4, 480),
(326, 4, 566),
(327, 4, 270),
(328, 4, 18),
(329, 4, 478),
(330, 4, 287),
(331, 4, 33),
(332, 4, 553),
(333, 4, 363),
(334, 4, 219),
(335, 4, 146),
(336, 4, 479),
(337, 4, 402),
(338, 4, 250),
(339, 4, 503),
(340, 4, 355),
(341, 4, 599),
(342, 4, 586),
(343, 4, 122),
(344, 4, 119),
(345, 4, 557),
(346, 4, 270),
(347, 4, 433),
(348, 4, 528),
(349, 4, 510),
(350, 4, 222),
(351, 4, 514),
(352, 4, 595),
(353, 4, 122),
(354, 4, 513),
(355, 4, 437),
(356, 4, 58),
(357, 4, 576),
(358, 4, 249),
(359, 4, 546),
(360, 4, 442),
(361, 4, 452),
(362, 4, 410),
(363, 4, 376),
(364, 4, 162),
(365, 4, 568),
(366, 4, 316),
(367, 4, 343),
(368, 4, 116),
(369, 4, 152),
(370, 4, 256),
(371, 4, 205),
(372, 4, 218),
(373, 4, 565),
(374, 4, 439),
(375, 4, 540),
(376, 4, 185),
(377, 4, 176),
(378, 4, 377),
(379, 4, 289),
(380, 4, 391),
(381, 4, 428),
(382, 4, 99),
(383, 4, 91),
(384, 4, 158),
(385, 4, 510),
(386, 4, 457),
(387, 4, 320),
(388, 4, 224),
(389, 4, 70),
(390, 4, 569),
(391, 4, 171),
(392, 4, 195),
(393, 4, 159),
(394, 4, 544),
(395, 4, 343),
(396, 4, 17),
(397, 4, 24),
(398, 4, 375),
(399, 4, 83),
(400, 4, 292),
(401, 5, 292),
(402, 5, 21),
(403, 5, 338),
(404, 5, 551),
(405, 5, 118),
(406, 5, 340),
(407, 5, 569),
(408, 5, 80),
(409, 5, 357),
(410, 5, 576),
(411, 5, 354),
(412, 5, 486),
(413, 5, 271),
(414, 5, 15),
(415, 5, 103),
(416, 5, 138),
(417, 5, 533),
(418, 5, 142),
(419, 5, 351),
(420, 5, 503),
(421, 5, 331),
(422, 5, 467),
(423, 5, 504),
(424, 5, 457),
(425, 5, 28),
(426, 5, 350),
(427, 5, 238),
(428, 5, 586),
(429, 5, 243),
(430, 5, 313),
(431, 5, 521),
(432, 5, 252),
(433, 5, 78),
(434, 5, 360),
(435, 5, 175),
(436, 5, 446),
(437, 5, 190),
(438, 5, 262),
(439, 5, 38),
(440, 5, 461),
(441, 5, 275),
(442, 5, 517),
(443, 5, 115),
(444, 5, 574),
(445, 5, 490),
(446, 5, 374),
(447, 5, 450),
(448, 5, 225),
(449, 5, 370),
(450, 5, 399),
(451, 5, 154),
(452, 5, 408),
(453, 5, 584),
(454, 5, 182),
(455, 5, 158),
(456, 5, 397),
(457, 5, 63),
(458, 5, 596),
(459, 5, 376),
(460, 5, 429),
(461, 5, 205),
(462, 5, 598),
(463, 5, 433),
(464, 5, 266),
(465, 5, 263),
(466, 5, 295),
(467, 5, 257),
(468, 5, 150),
(469, 5, 563),
(470, 5, 36),
(471, 5, 494),
(472, 5, 242),
(473, 5, 395),
(474, 5, 308),
(475, 5, 202),
(476, 5, 322),
(477, 5, 532),
(478, 5, 183),
(479, 5, 360),
(480, 5, 596),
(481, 5, 348),
(482, 5, 312),
(483, 5, 195),
(484, 5, 418),
(485, 5, 377),
(486, 5, 353),
(487, 5, 210),
(488, 5, 296),
(489, 5, 160),
(490, 5, 247),
(491, 5, 237),
(492, 5, 18),
(493, 5, 511),
(494, 5, 339),
(495, 5, 117),
(496, 5, 136),
(497, 5, 297),
(498, 5, 339),
(499, 5, 232),
(500, 5, 263),
(501, 6, 308),
(502, 6, 17),
(503, 6, 585),
(504, 6, 88),
(505, 6, 154),
(506, 6, 385),
(507, 6, 122),
(508, 6, 495),
(509, 6, 375),
(510, 6, 311),
(511, 6, 265),
(512, 6, 194),
(513, 6, 325),
(514, 6, 280),
(515, 6, 8),
(516, 6, 345),
(517, 6, 401),
(518, 6, 60),
(519, 6, 566),
(520, 6, 17),
(521, 6, 561),
(522, 6, 314),
(523, 6, 176),
(524, 6, 297),
(525, 6, 486),
(526, 6, 318),
(527, 6, 48),
(528, 6, 255),
(529, 6, 474),
(530, 6, 525),
(531, 6, 460),
(532, 6, 494),
(533, 6, 179),
(534, 6, 114),
(535, 6, 5),
(536, 6, 61),
(537, 6, 6),
(538, 6, 328),
(539, 6, 344),
(540, 6, 97),
(541, 6, 410),
(542, 6, 300),
(543, 6, 233),
(544, 6, 564),
(545, 6, 410),
(546, 6, 414),
(547, 6, 161),
(548, 6, 267),
(549, 6, 459),
(550, 6, 430),
(551, 6, 79),
(552, 6, 21),
(553, 6, 75),
(554, 6, 38),
(555, 6, 285),
(556, 6, 199),
(557, 6, 242),
(558, 6, 178),
(559, 6, 280),
(560, 6, 415),
(561, 6, 38),
(562, 6, 382),
(563, 6, 152),
(564, 6, 359),
(565, 6, 356),
(566, 6, 156),
(567, 6, 583),
(568, 6, 418),
(569, 6, 4),
(570, 6, 226),
(571, 6, 332),
(572, 6, 255),
(573, 6, 268),
(574, 6, 127),
(575, 6, 344),
(576, 6, 234),
(577, 6, 39),
(578, 6, 296),
(579, 6, 185),
(580, 6, 403),
(581, 6, 582),
(582, 6, 578),
(583, 6, 414),
(584, 6, 143),
(585, 6, 435),
(586, 6, 435),
(587, 6, 598),
(588, 6, 308),
(589, 6, 476),
(590, 6, 557),
(591, 6, 2),
(592, 6, 563),
(593, 6, 224),
(594, 6, 270),
(595, 6, 471),
(596, 6, 34),
(597, 6, 140),
(598, 6, 422),
(599, 6, 323),
(600, 6, 151),
(601, 7, 340),
(602, 7, 397),
(603, 7, 333),
(604, 7, 463),
(605, 7, 205),
(606, 7, 313),
(607, 7, 18),
(608, 7, 47),
(609, 7, 201),
(610, 7, 81),
(611, 7, 237),
(612, 7, 536),
(613, 7, 503),
(614, 7, 313),
(615, 7, 461),
(616, 7, 308),
(617, 7, 12),
(618, 7, 192),
(619, 7, 253),
(620, 7, 74),
(621, 7, 35),
(622, 7, 577),
(623, 7, 234),
(624, 7, 511),
(625, 7, 265),
(626, 7, 456),
(627, 7, 580),
(628, 7, 155),
(629, 7, 196),
(630, 7, 509),
(631, 7, 193),
(632, 7, 485),
(633, 7, 229),
(634, 7, 54),
(635, 7, 305),
(636, 7, 366),
(637, 7, 230),
(638, 7, 387),
(639, 7, 492),
(640, 7, 246),
(641, 7, 409),
(642, 7, 555),
(643, 7, 532),
(644, 7, 194),
(645, 7, 467),
(646, 7, 580),
(647, 7, 503),
(648, 7, 202),
(649, 7, 277),
(650, 7, 102),
(651, 7, 401),
(652, 7, 574),
(653, 7, 213),
(654, 7, 274),
(655, 7, 88),
(656, 7, 390),
(657, 7, 140),
(658, 7, 342),
(659, 7, 433),
(660, 7, 572),
(661, 7, 146),
(662, 7, 160),
(663, 7, 270),
(664, 7, 122),
(665, 7, 551),
(666, 7, 320),
(667, 7, 204),
(668, 7, 504),
(669, 7, 589),
(670, 7, 493),
(671, 7, 252),
(672, 7, 105),
(673, 7, 31),
(674, 7, 334),
(675, 7, 303),
(676, 7, 172),
(677, 7, 408),
(678, 7, 460),
(679, 7, 531),
(680, 7, 293),
(681, 7, 414),
(682, 7, 461),
(683, 7, 65),
(684, 7, 229),
(685, 7, 213),
(686, 7, 188),
(687, 7, 365),
(688, 7, 61),
(689, 7, 472),
(690, 7, 249),
(691, 7, 127),
(692, 7, 448),
(693, 7, 514),
(694, 7, 234),
(695, 7, 225),
(696, 7, 239),
(697, 7, 34),
(698, 7, 199),
(699, 7, 421),
(700, 7, 197),
(701, 8, 594),
(702, 8, 152),
(703, 8, 204),
(704, 8, 110),
(705, 8, 358),
(706, 8, 425),
(707, 8, 534),
(708, 8, 14),
(709, 8, 462),
(710, 8, 319),
(711, 8, 510),
(712, 8, 2),
(713, 8, 480),
(714, 8, 408),
(715, 8, 547),
(716, 8, 269),
(717, 8, 551),
(718, 8, 501),
(719, 8, 112),
(720, 8, 470),
(721, 8, 179),
(722, 8, 342),
(723, 8, 596),
(724, 8, 309),
(725, 8, 17),
(726, 8, 228),
(727, 8, 568),
(728, 8, 29),
(729, 8, 593),
(730, 8, 488),
(731, 8, 561),
(732, 8, 384),
(733, 8, 5),
(734, 8, 173),
(735, 8, 8),
(736, 8, 96),
(737, 8, 235),
(738, 8, 523),
(739, 8, 222),
(740, 8, 432),
(741, 8, 440),
(742, 8, 307),
(743, 8, 190),
(744, 8, 218),
(745, 8, 521),
(746, 8, 417),
(747, 8, 390),
(748, 8, 141),
(749, 8, 14),
(750, 8, 317),
(751, 8, 520),
(752, 8, 360),
(753, 8, 273),
(754, 8, 315),
(755, 8, 260),
(756, 8, 51),
(757, 8, 211),
(758, 8, 154),
(759, 8, 436),
(760, 8, 200),
(761, 8, 220),
(762, 8, 49),
(763, 8, 183),
(764, 8, 14),
(765, 8, 559),
(766, 8, 514),
(767, 8, 553),
(768, 8, 525),
(769, 8, 232),
(770, 8, 273),
(771, 8, 7),
(772, 8, 489),
(773, 8, 41),
(774, 8, 203),
(775, 8, 279),
(776, 8, 577),
(777, 8, 430),
(778, 8, 141),
(779, 8, 88),
(780, 8, 280),
(781, 8, 561),
(782, 8, 99),
(783, 8, 583),
(784, 8, 322),
(785, 8, 13),
(786, 8, 414),
(787, 8, 220),
(788, 8, 85),
(789, 8, 83),
(790, 8, 161),
(791, 8, 333),
(792, 8, 15),
(793, 8, 415),
(794, 8, 23),
(795, 8, 279),
(796, 8, 384),
(797, 8, 454),
(798, 8, 94),
(799, 8, 586),
(800, 8, 322),
(801, 9, 367),
(802, 9, 70),
(803, 9, 537),
(804, 9, 323),
(805, 9, 427),
(806, 9, 18),
(807, 9, 152),
(808, 9, 473),
(809, 9, 565),
(810, 9, 600),
(811, 9, 340),
(812, 9, 217),
(813, 9, 386),
(814, 9, 59),
(815, 9, 96),
(816, 9, 409),
(817, 9, 400),
(818, 9, 220),
(819, 9, 2),
(820, 9, 242),
(821, 9, 397),
(822, 9, 307),
(823, 9, 221),
(824, 9, 493),
(825, 9, 579),
(826, 9, 396),
(827, 9, 109),
(828, 9, 27),
(829, 9, 379),
(830, 9, 350),
(831, 9, 90),
(832, 9, 255),
(833, 9, 388),
(834, 9, 213),
(835, 9, 393),
(836, 9, 420),
(837, 9, 535),
(838, 9, 138),
(839, 9, 519),
(840, 9, 233),
(841, 9, 105),
(842, 9, 527),
(843, 9, 465),
(844, 9, 447),
(845, 9, 319),
(846, 9, 490),
(847, 9, 411),
(848, 9, 289),
(849, 9, 29),
(850, 9, 578),
(851, 9, 60),
(852, 9, 25),
(853, 9, 383),
(854, 9, 483),
(855, 9, 163),
(856, 9, 550),
(857, 9, 350),
(858, 9, 319),
(859, 9, 189),
(860, 9, 552),
(861, 9, 95),
(862, 9, 551),
(863, 9, 211),
(864, 9, 469),
(865, 9, 191),
(866, 9, 215),
(867, 9, 161),
(868, 9, 447),
(869, 9, 151),
(870, 9, 427),
(871, 9, 240),
(872, 9, 36),
(873, 9, 365),
(874, 9, 58),
(875, 9, 559),
(876, 9, 240),
(877, 9, 183),
(878, 9, 451),
(879, 9, 537),
(880, 9, 154),
(881, 9, 92),
(882, 9, 279),
(883, 9, 217),
(884, 9, 205),
(885, 9, 586),
(886, 9, 485),
(887, 9, 509),
(888, 9, 497),
(889, 9, 288),
(890, 9, 375),
(891, 9, 20),
(892, 9, 33),
(893, 9, 565),
(894, 9, 458),
(895, 9, 336),
(896, 9, 570),
(897, 9, 396),
(898, 9, 49),
(899, 9, 53),
(900, 9, 22),
(901, 10, 126),
(902, 10, 72),
(903, 10, 491),
(904, 10, 186),
(905, 10, 462),
(906, 10, 374),
(907, 10, 200),
(908, 10, 407),
(909, 10, 102),
(910, 10, 207),
(911, 10, 597),
(912, 10, 580),
(913, 10, 522),
(914, 10, 83),
(915, 10, 65),
(916, 10, 380),
(917, 10, 455),
(918, 10, 242),
(919, 10, 439),
(920, 10, 283),
(921, 10, 315),
(922, 10, 192),
(923, 10, 178),
(924, 10, 345),
(925, 10, 237),
(926, 10, 133),
(927, 10, 122),
(928, 10, 454),
(929, 10, 75),
(930, 10, 360),
(931, 10, 76),
(932, 10, 246),
(933, 10, 344),
(934, 10, 583),
(935, 10, 80),
(936, 10, 325),
(937, 10, 319),
(938, 10, 495),
(939, 10, 317),
(940, 10, 212),
(941, 10, 154),
(942, 10, 210),
(943, 10, 26),
(944, 10, 132),
(945, 10, 496),
(946, 10, 306),
(947, 10, 110),
(948, 10, 272),
(949, 10, 289),
(950, 10, 181),
(951, 10, 253),
(952, 10, 289),
(953, 10, 101),
(954, 10, 414),
(955, 10, 343),
(956, 10, 257),
(957, 10, 472),
(958, 10, 504),
(959, 10, 473),
(960, 10, 94),
(961, 10, 24),
(962, 10, 415),
(963, 10, 360),
(964, 10, 573),
(965, 10, 241),
(966, 10, 539),
(967, 10, 510),
(968, 10, 12),
(969, 10, 236),
(970, 10, 218),
(971, 10, 388),
(972, 10, 438),
(973, 10, 181),
(974, 10, 238),
(975, 10, 130),
(976, 10, 322),
(977, 10, 285),
(978, 10, 345),
(979, 10, 70),
(980, 10, 576),
(981, 10, 330),
(982, 10, 559),
(983, 10, 213),
(984, 10, 477),
(985, 10, 201),
(986, 10, 17),
(987, 10, 484),
(988, 10, 70),
(989, 10, 329),
(990, 10, 469),
(991, 10, 468),
(992, 10, 68),
(993, 10, 188),
(994, 10, 410),
(995, 10, 421),
(996, 10, 43),
(997, 10, 77),
(998, 10, 89),
(999, 10, 397),
(1000, 10, 35),
(1001, 11, 597),
(1002, 11, 212),
(1003, 11, 8),
(1004, 11, 599),
(1005, 11, 342),
(1006, 11, 478),
(1007, 11, 182),
(1008, 11, 516),
(1009, 11, 252),
(1010, 11, 156),
(1011, 11, 320),
(1012, 11, 369),
(1013, 11, 6),
(1014, 11, 329),
(1015, 11, 129),
(1016, 11, 282),
(1017, 11, 343),
(1018, 11, 373),
(1019, 11, 395),
(1020, 11, 401),
(1021, 11, 494),
(1022, 11, 165),
(1023, 11, 441),
(1024, 11, 446),
(1025, 11, 238),
(1026, 11, 323),
(1027, 11, 393),
(1028, 11, 454),
(1029, 11, 547),
(1030, 11, 200),
(1031, 11, 233),
(1032, 11, 287),
(1033, 11, 534),
(1034, 11, 460),
(1035, 11, 593),
(1036, 11, 504),
(1037, 11, 19),
(1038, 11, 366),
(1039, 11, 279),
(1040, 11, 194),
(1041, 11, 6),
(1042, 11, 91),
(1043, 11, 490),
(1044, 11, 52),
(1045, 11, 327),
(1046, 11, 370),
(1047, 11, 305),
(1048, 11, 460),
(1049, 11, 266),
(1050, 11, 473),
(1051, 11, 581),
(1052, 11, 531),
(1053, 11, 161),
(1054, 11, 172),
(1055, 11, 405),
(1056, 11, 419),
(1057, 11, 291),
(1058, 11, 120),
(1059, 11, 590),
(1060, 11, 89),
(1061, 11, 159),
(1062, 11, 252),
(1063, 11, 104),
(1064, 11, 183),
(1065, 11, 337),
(1066, 11, 50),
(1067, 11, 41),
(1068, 11, 173),
(1069, 11, 474),
(1070, 11, 568),
(1071, 11, 147),
(1072, 11, 156),
(1073, 11, 95),
(1074, 11, 268),
(1075, 11, 12),
(1076, 11, 260),
(1077, 11, 425),
(1078, 11, 254),
(1079, 11, 225),
(1080, 11, 277),
(1081, 11, 106),
(1082, 11, 89),
(1083, 11, 286),
(1084, 11, 483),
(1085, 11, 61),
(1086, 11, 276),
(1087, 11, 432),
(1088, 11, 483),
(1089, 11, 592),
(1090, 11, 106),
(1091, 11, 34),
(1092, 11, 195),
(1093, 11, 545),
(1094, 11, 592),
(1095, 11, 554),
(1096, 11, 431),
(1097, 11, 422),
(1098, 11, 118),
(1099, 11, 141),
(1100, 11, 497),
(1101, 12, 456),
(1102, 12, 318),
(1103, 12, 488),
(1104, 12, 278),
(1105, 12, 262),
(1106, 12, 108),
(1107, 12, 15),
(1108, 12, 306),
(1109, 12, 248),
(1110, 12, 571),
(1111, 12, 396),
(1112, 12, 264),
(1113, 12, 332),
(1114, 12, 93),
(1115, 12, 483),
(1116, 12, 271),
(1117, 12, 249),
(1118, 12, 181),
(1119, 12, 582),
(1120, 12, 575),
(1121, 12, 132),
(1122, 12, 235),
(1123, 12, 523),
(1124, 12, 205),
(1125, 12, 531),
(1126, 12, 424),
(1127, 12, 599),
(1128, 12, 153),
(1129, 12, 438),
(1130, 12, 338),
(1131, 12, 332),
(1132, 12, 456),
(1133, 12, 355),
(1134, 12, 303),
(1135, 12, 287),
(1136, 12, 424),
(1137, 12, 241),
(1138, 12, 409),
(1139, 12, 572),
(1140, 12, 390),
(1141, 12, 408),
(1142, 12, 7),
(1143, 12, 138),
(1144, 12, 300),
(1145, 12, 38),
(1146, 12, 522),
(1147, 12, 405),
(1148, 12, 483),
(1149, 12, 428),
(1150, 12, 367),
(1151, 12, 380),
(1152, 12, 148),
(1153, 12, 225),
(1154, 12, 160),
(1155, 12, 56),
(1156, 12, 318),
(1157, 12, 559),
(1158, 12, 66),
(1159, 12, 97),
(1160, 12, 153),
(1161, 12, 329),
(1162, 12, 366),
(1163, 12, 14),
(1164, 12, 481),
(1165, 12, 511),
(1166, 12, 302),
(1167, 12, 266),
(1168, 12, 298),
(1169, 12, 110),
(1170, 12, 179),
(1171, 12, 499),
(1172, 12, 341),
(1173, 12, 368),
(1174, 12, 360),
(1175, 12, 322),
(1176, 12, 270),
(1177, 12, 175),
(1178, 12, 598),
(1179, 12, 231),
(1180, 12, 19),
(1181, 12, 436),
(1182, 12, 104),
(1183, 12, 243),
(1184, 12, 210),
(1185, 12, 436),
(1186, 12, 39),
(1187, 12, 202),
(1188, 12, 24),
(1189, 12, 53),
(1190, 12, 343),
(1191, 12, 459),
(1192, 12, 340),
(1193, 12, 351),
(1194, 12, 232),
(1195, 12, 402),
(1196, 12, 567),
(1197, 12, 266),
(1198, 12, 565),
(1199, 12, 483),
(1200, 12, 58),
(1201, 13, 188),
(1202, 13, 216),
(1203, 13, 300),
(1204, 13, 328),
(1205, 13, 392),
(1206, 13, 317),
(1207, 13, 265),
(1208, 13, 249),
(1209, 13, 343),
(1210, 13, 93),
(1211, 13, 318),
(1212, 13, 585),
(1213, 13, 273),
(1214, 13, 412),
(1215, 13, 59),
(1216, 13, 106),
(1217, 13, 52),
(1218, 13, 290),
(1219, 13, 422),
(1220, 13, 380),
(1221, 13, 338),
(1222, 13, 336),
(1223, 13, 114),
(1224, 13, 295),
(1225, 13, 30),
(1226, 13, 279),
(1227, 13, 542),
(1228, 13, 337),
(1229, 13, 172),
(1230, 13, 357),
(1231, 13, 487),
(1232, 13, 467),
(1233, 13, 485),
(1234, 13, 234),
(1235, 13, 462),
(1236, 13, 504),
(1237, 13, 32),
(1238, 13, 179),
(1239, 13, 167),
(1240, 13, 254),
(1241, 13, 523),
(1242, 13, 248),
(1243, 13, 589),
(1244, 13, 527),
(1245, 13, 284),
(1246, 13, 568),
(1247, 13, 314),
(1248, 13, 448),
(1249, 13, 307),
(1250, 13, 293),
(1251, 13, 343),
(1252, 13, 438),
(1253, 13, 506),
(1254, 13, 82),
(1255, 13, 331),
(1256, 13, 594),
(1257, 13, 277),
(1258, 13, 60),
(1259, 13, 66),
(1260, 13, 459),
(1261, 13, 150),
(1262, 13, 236),
(1263, 13, 223),
(1264, 13, 206),
(1265, 13, 304),
(1266, 13, 345),
(1267, 13, 504),
(1268, 13, 213),
(1269, 13, 378),
(1270, 13, 131),
(1271, 13, 100),
(1272, 13, 137),
(1273, 13, 570),
(1274, 13, 37),
(1275, 13, 62),
(1276, 13, 224),
(1277, 13, 288),
(1278, 13, 171),
(1279, 13, 374),
(1280, 13, 198),
(1281, 13, 159),
(1282, 13, 250),
(1283, 13, 376),
(1284, 13, 418),
(1285, 13, 41),
(1286, 13, 420),
(1287, 13, 374),
(1288, 13, 75),
(1289, 13, 249),
(1290, 13, 375),
(1291, 13, 300),
(1292, 13, 6),
(1293, 13, 191),
(1294, 13, 295),
(1295, 13, 479),
(1296, 13, 529),
(1297, 13, 389),
(1298, 13, 289),
(1299, 13, 574),
(1300, 13, 335),
(1301, 14, 447),
(1302, 14, 465),
(1303, 14, 355),
(1304, 14, 228),
(1305, 14, 446),
(1306, 14, 384),
(1307, 14, 139),
(1308, 14, 422),
(1309, 14, 64),
(1310, 14, 153),
(1311, 14, 504),
(1312, 14, 502),
(1313, 14, 12),
(1314, 14, 183),
(1315, 14, 90),
(1316, 14, 240),
(1317, 14, 381),
(1318, 14, 589),
(1319, 14, 29),
(1320, 14, 460),
(1321, 14, 360),
(1322, 14, 67),
(1323, 14, 130),
(1324, 14, 572),
(1325, 14, 14),
(1326, 14, 342),
(1327, 14, 497),
(1328, 14, 469),
(1329, 14, 424),
(1330, 14, 10),
(1331, 14, 193),
(1332, 14, 394),
(1333, 14, 328),
(1334, 14, 157),
(1335, 14, 125),
(1336, 14, 335),
(1337, 14, 9),
(1338, 14, 136),
(1339, 14, 236),
(1340, 14, 127),
(1341, 14, 575),
(1342, 14, 336),
(1343, 14, 456),
(1344, 14, 274),
(1345, 14, 196),
(1346, 14, 293),
(1347, 14, 335),
(1348, 14, 594),
(1349, 14, 38),
(1350, 14, 181),
(1351, 14, 458),
(1352, 14, 328),
(1353, 14, 47),
(1354, 14, 162),
(1355, 14, 401),
(1356, 14, 333),
(1357, 14, 75),
(1358, 14, 241),
(1359, 14, 519),
(1360, 14, 2),
(1361, 14, 287),
(1362, 14, 390),
(1363, 14, 157),
(1364, 14, 6),
(1365, 14, 276),
(1366, 14, 386),
(1367, 14, 549),
(1368, 14, 84),
(1369, 14, 151),
(1370, 14, 570),
(1371, 14, 172),
(1372, 14, 42),
(1373, 14, 554),
(1374, 14, 145),
(1375, 14, 590),
(1376, 14, 325),
(1377, 14, 183),
(1378, 14, 261),
(1379, 14, 110),
(1380, 14, 570),
(1381, 14, 72),
(1382, 14, 33),
(1383, 14, 425),
(1384, 14, 28),
(1385, 14, 478),
(1386, 14, 360),
(1387, 14, 85),
(1388, 14, 265),
(1389, 14, 318),
(1390, 14, 395),
(1391, 14, 293),
(1392, 14, 346),
(1393, 14, 244),
(1394, 14, 526),
(1395, 14, 375),
(1396, 14, 479),
(1397, 14, 556),
(1398, 14, 410),
(1399, 14, 103),
(1400, 14, 18),
(1401, 15, 484),
(1402, 15, 471),
(1403, 15, 298),
(1404, 15, 156),
(1405, 15, 435),
(1406, 15, 70),
(1407, 15, 155),
(1408, 15, 446),
(1409, 15, 372),
(1410, 15, 507),
(1411, 15, 188),
(1412, 15, 233),
(1413, 15, 100),
(1414, 15, 278),
(1415, 15, 454),
(1416, 15, 156),
(1417, 15, 218),
(1418, 15, 480),
(1419, 15, 385),
(1420, 15, 308),
(1421, 15, 284),
(1422, 15, 582),
(1423, 15, 125),
(1424, 15, 225),
(1425, 15, 102),
(1426, 15, 560),
(1427, 15, 274),
(1428, 15, 567),
(1429, 15, 234),
(1430, 15, 188),
(1431, 15, 340),
(1432, 15, 439),
(1433, 15, 177),
(1434, 15, 339),
(1435, 15, 584),
(1436, 15, 485),
(1437, 15, 432),
(1438, 15, 274),
(1439, 15, 517),
(1440, 15, 246),
(1441, 15, 405),
(1442, 15, 591),
(1443, 15, 286),
(1444, 15, 353),
(1445, 15, 473),
(1446, 15, 345),
(1447, 15, 546),
(1448, 15, 170),
(1449, 15, 38),
(1450, 15, 248),
(1451, 15, 598),
(1452, 15, 473),
(1453, 15, 568),
(1454, 15, 141),
(1455, 15, 286),
(1456, 15, 75),
(1457, 15, 310),
(1458, 15, 458),
(1459, 15, 543),
(1460, 15, 173),
(1461, 15, 323),
(1462, 15, 153),
(1463, 15, 378),
(1464, 15, 406),
(1465, 15, 146),
(1466, 15, 163),
(1467, 15, 454),
(1468, 15, 156),
(1469, 15, 570),
(1470, 15, 555),
(1471, 15, 136),
(1472, 15, 126),
(1473, 15, 48),
(1474, 15, 167),
(1475, 15, 586),
(1476, 15, 474),
(1477, 15, 391),
(1478, 15, 303),
(1479, 15, 448),
(1480, 15, 165),
(1481, 15, 81),
(1482, 15, 443),
(1483, 15, 120),
(1484, 15, 315),
(1485, 15, 222),
(1486, 15, 108),
(1487, 15, 556),
(1488, 15, 399),
(1489, 15, 207),
(1490, 15, 141),
(1491, 15, 226),
(1492, 15, 593),
(1493, 15, 477),
(1494, 15, 537),
(1495, 15, 542),
(1496, 15, 478),
(1497, 15, 587),
(1498, 15, 334),
(1499, 15, 569),
(1500, 15, 252),
(1501, 16, 268),
(1502, 16, 459),
(1503, 16, 492),
(1504, 16, 20),
(1505, 16, 212),
(1506, 16, 90),
(1507, 16, 409),
(1508, 16, 150),
(1509, 16, 371),
(1510, 16, 564),
(1511, 16, 64),
(1512, 16, 390),
(1513, 16, 171),
(1514, 16, 587),
(1515, 16, 8),
(1516, 16, 340),
(1517, 16, 314),
(1518, 16, 101),
(1519, 16, 537),
(1520, 16, 279),
(1521, 16, 20),
(1522, 16, 361),
(1523, 16, 576),
(1524, 16, 126),
(1525, 16, 32),
(1526, 16, 244),
(1527, 16, 158),
(1528, 16, 210),
(1529, 16, 468),
(1530, 16, 315),
(1531, 16, 559),
(1532, 16, 195),
(1533, 16, 469),
(1534, 16, 135),
(1535, 16, 168),
(1536, 16, 71),
(1537, 16, 530),
(1538, 16, 71),
(1539, 16, 35),
(1540, 16, 310),
(1541, 16, 67),
(1542, 16, 528),
(1543, 16, 22),
(1544, 16, 316),
(1545, 16, 277),
(1546, 16, 387),
(1547, 16, 490),
(1548, 16, 572),
(1549, 16, 431),
(1550, 16, 156),
(1551, 16, 98),
(1552, 16, 231),
(1553, 16, 18),
(1554, 16, 135),
(1555, 16, 42),
(1556, 16, 20),
(1557, 16, 401),
(1558, 16, 69),
(1559, 16, 288),
(1560, 16, 598),
(1561, 16, 162),
(1562, 16, 455),
(1563, 16, 512),
(1564, 16, 289),
(1565, 16, 519),
(1566, 16, 152),
(1567, 16, 472),
(1568, 16, 269),
(1569, 16, 82),
(1570, 16, 76),
(1571, 16, 276),
(1572, 16, 596),
(1573, 16, 438),
(1574, 16, 382),
(1575, 16, 591),
(1576, 16, 262),
(1577, 16, 524),
(1578, 16, 126),
(1579, 16, 421),
(1580, 16, 467),
(1581, 16, 139),
(1582, 16, 314),
(1583, 16, 583),
(1584, 16, 411),
(1585, 16, 410),
(1586, 16, 322),
(1587, 16, 228),
(1588, 16, 375),
(1589, 16, 418),
(1590, 16, 77),
(1591, 16, 21),
(1592, 16, 75),
(1593, 16, 38),
(1594, 16, 359),
(1595, 16, 203),
(1596, 16, 207),
(1597, 16, 4),
(1598, 16, 257),
(1599, 16, 422),
(1600, 16, 229),
(1601, 17, 66),
(1602, 17, 89),
(1603, 17, 394),
(1604, 17, 431),
(1605, 17, 66),
(1606, 17, 48),
(1607, 17, 145),
(1608, 17, 161),
(1609, 17, 159),
(1610, 17, 9),
(1611, 17, 493),
(1612, 17, 176),
(1613, 17, 586),
(1614, 17, 355),
(1615, 17, 162),
(1616, 17, 177),
(1617, 17, 192),
(1618, 17, 153),
(1619, 17, 576),
(1620, 17, 395),
(1621, 17, 231),
(1622, 17, 123),
(1623, 17, 119),
(1624, 17, 252),
(1625, 17, 396),
(1626, 17, 402),
(1627, 17, 284),
(1628, 17, 31),
(1629, 17, 123),
(1630, 17, 84),
(1631, 17, 266),
(1632, 17, 326),
(1633, 17, 28),
(1634, 17, 7),
(1635, 17, 379),
(1636, 17, 249),
(1637, 17, 26),
(1638, 17, 82),
(1639, 17, 376),
(1640, 17, 280),
(1641, 17, 257),
(1642, 17, 249),
(1643, 17, 598),
(1644, 17, 158),
(1645, 17, 258),
(1646, 17, 283),
(1647, 17, 132),
(1648, 17, 194),
(1649, 17, 351),
(1650, 17, 509),
(1651, 17, 425),
(1652, 17, 589),
(1653, 17, 547),
(1654, 17, 527),
(1655, 17, 199),
(1656, 17, 421),
(1657, 17, 355),
(1658, 17, 397),
(1659, 17, 11),
(1660, 17, 240),
(1661, 17, 426),
(1662, 17, 19),
(1663, 17, 365),
(1664, 17, 579),
(1665, 17, 234),
(1666, 17, 305),
(1667, 17, 364),
(1668, 17, 470),
(1669, 17, 502),
(1670, 17, 323),
(1671, 17, 266),
(1672, 17, 292),
(1673, 17, 589),
(1674, 17, 114),
(1675, 17, 331),
(1676, 17, 346),
(1677, 17, 486),
(1678, 17, 367),
(1679, 17, 576),
(1680, 17, 490),
(1681, 17, 14),
(1682, 17, 153),
(1683, 17, 598),
(1684, 17, 319),
(1685, 17, 221),
(1686, 17, 496),
(1687, 17, 282),
(1688, 17, 592),
(1689, 17, 490),
(1690, 17, 215),
(1691, 17, 534),
(1692, 17, 48),
(1693, 17, 491),
(1694, 17, 405),
(1695, 17, 220),
(1696, 17, 279),
(1697, 17, 594),
(1698, 17, 429),
(1699, 17, 202),
(1700, 17, 27),
(1701, 18, 560),
(1702, 18, 490),
(1703, 18, 394),
(1704, 18, 295),
(1705, 18, 232),
(1706, 18, 118),
(1707, 18, 255),
(1708, 18, 58),
(1709, 18, 304),
(1710, 18, 118),
(1711, 18, 358),
(1712, 18, 468),
(1713, 18, 545),
(1714, 18, 510),
(1715, 18, 357),
(1716, 18, 309),
(1717, 18, 5),
(1718, 18, 295),
(1719, 18, 77),
(1720, 18, 493),
(1721, 18, 218),
(1722, 18, 546),
(1723, 18, 531),
(1724, 18, 95),
(1725, 18, 557),
(1726, 18, 310),
(1727, 18, 49),
(1728, 18, 178),
(1729, 18, 340),
(1730, 18, 360),
(1731, 18, 385),
(1732, 18, 444),
(1733, 18, 461),
(1734, 18, 328),
(1735, 18, 209),
(1736, 18, 183),
(1737, 18, 130),
(1738, 18, 159),
(1739, 18, 306),
(1740, 18, 466),
(1741, 18, 452),
(1742, 18, 434),
(1743, 18, 281),
(1744, 18, 258),
(1745, 18, 197),
(1746, 18, 391),
(1747, 18, 491),
(1748, 18, 488),
(1749, 18, 438),
(1750, 18, 577),
(1751, 18, 223),
(1752, 18, 512),
(1753, 18, 141),
(1754, 18, 223),
(1755, 18, 387),
(1756, 18, 485),
(1757, 18, 504),
(1758, 18, 30),
(1759, 18, 118),
(1760, 18, 14),
(1761, 18, 247),
(1762, 18, 514),
(1763, 18, 114),
(1764, 18, 459),
(1765, 18, 533),
(1766, 18, 511),
(1767, 18, 241),
(1768, 18, 364),
(1769, 18, 409),
(1770, 18, 217),
(1771, 18, 155),
(1772, 18, 4),
(1773, 18, 332),
(1774, 18, 478),
(1775, 18, 390),
(1776, 18, 432),
(1777, 18, 313),
(1778, 18, 479),
(1779, 18, 572),
(1780, 18, 398),
(1781, 18, 494),
(1782, 18, 49),
(1783, 18, 83),
(1784, 18, 398),
(1785, 18, 325),
(1786, 18, 282),
(1787, 18, 534),
(1788, 18, 174),
(1789, 18, 185),
(1790, 18, 156),
(1791, 18, 212),
(1792, 18, 403),
(1793, 18, 212),
(1794, 18, 598),
(1795, 18, 326),
(1796, 18, 403),
(1797, 18, 190),
(1798, 18, 88),
(1799, 18, 268),
(1800, 18, 234),
(1801, 19, 238),
(1802, 19, 593),
(1803, 19, 315),
(1804, 19, 133),
(1805, 19, 517),
(1806, 19, 119),
(1807, 19, 423),
(1808, 19, 52),
(1809, 19, 273),
(1810, 19, 156),
(1811, 19, 542),
(1812, 19, 340),
(1813, 19, 568),
(1814, 19, 499),
(1815, 19, 480),
(1816, 19, 496),
(1817, 19, 543),
(1818, 19, 384),
(1819, 19, 532),
(1820, 19, 110),
(1821, 19, 504),
(1822, 19, 182),
(1823, 19, 471),
(1824, 19, 61),
(1825, 19, 574),
(1826, 19, 412),
(1827, 19, 261),
(1828, 19, 124),
(1829, 19, 99),
(1830, 19, 79),
(1831, 19, 30),
(1832, 19, 392),
(1833, 19, 241),
(1834, 19, 499),
(1835, 19, 400),
(1836, 19, 460),
(1837, 19, 3),
(1838, 19, 116),
(1839, 19, 414),
(1840, 19, 288),
(1841, 19, 395),
(1842, 19, 481),
(1843, 19, 69),
(1844, 19, 279),
(1845, 19, 227),
(1846, 19, 568),
(1847, 19, 588),
(1848, 19, 153),
(1849, 19, 62),
(1850, 19, 182),
(1851, 19, 103),
(1852, 19, 521),
(1853, 19, 453),
(1854, 19, 264),
(1855, 19, 563),
(1856, 19, 395),
(1857, 19, 592),
(1858, 19, 207),
(1859, 19, 184),
(1860, 19, 67),
(1861, 19, 299),
(1862, 19, 27),
(1863, 19, 98),
(1864, 19, 215),
(1865, 19, 261),
(1866, 19, 405),
(1867, 19, 538),
(1868, 19, 596),
(1869, 19, 220),
(1870, 19, 53),
(1871, 19, 247),
(1872, 19, 367),
(1873, 19, 186),
(1874, 19, 121),
(1875, 19, 437),
(1876, 19, 95),
(1877, 19, 298),
(1878, 19, 476),
(1879, 19, 375),
(1880, 19, 455),
(1881, 19, 577),
(1882, 19, 233),
(1883, 19, 318),
(1884, 19, 155),
(1885, 19, 287),
(1886, 19, 135),
(1887, 19, 213),
(1888, 19, 33),
(1889, 19, 70),
(1890, 19, 586),
(1891, 19, 61),
(1892, 19, 96),
(1893, 19, 267),
(1894, 19, 95),
(1895, 19, 483),
(1896, 19, 374),
(1897, 19, 268),
(1898, 19, 326),
(1899, 19, 526),
(1900, 19, 370),
(1901, 20, 184),
(1902, 20, 25),
(1903, 20, 558),
(1904, 20, 287),
(1905, 20, 339),
(1906, 20, 431),
(1907, 20, 594),
(1908, 20, 582),
(1909, 20, 318),
(1910, 20, 289),
(1911, 20, 191),
(1912, 20, 528),
(1913, 20, 301),
(1914, 20, 71),
(1915, 20, 128),
(1916, 20, 467),
(1917, 20, 60),
(1918, 20, 562),
(1919, 20, 483),
(1920, 20, 305),
(1921, 20, 530),
(1922, 20, 164),
(1923, 20, 175),
(1924, 20, 274),
(1925, 20, 344),
(1926, 20, 312),
(1927, 20, 10),
(1928, 20, 109),
(1929, 20, 226),
(1930, 20, 66),
(1931, 20, 340),
(1932, 20, 200),
(1933, 20, 204),
(1934, 20, 74),
(1935, 20, 190),
(1936, 20, 68),
(1937, 20, 87),
(1938, 20, 483),
(1939, 20, 553),
(1940, 20, 403),
(1941, 20, 319),
(1942, 20, 151),
(1943, 20, 511),
(1944, 20, 577),
(1945, 20, 203),
(1946, 20, 21),
(1947, 20, 250),
(1948, 20, 359),
(1949, 20, 102),
(1950, 20, 160),
(1951, 20, 397),
(1952, 20, 77),
(1953, 20, 538),
(1954, 20, 564),
(1955, 20, 101),
(1956, 20, 588),
(1957, 20, 294),
(1958, 20, 576),
(1959, 20, 26),
(1960, 20, 42),
(1961, 20, 105),
(1962, 20, 212),
(1963, 20, 196),
(1964, 20, 396),
(1965, 20, 339),
(1966, 20, 377),
(1967, 20, 392),
(1968, 20, 368),
(1969, 20, 98),
(1970, 20, 44),
(1971, 20, 132),
(1972, 20, 387),
(1973, 20, 379),
(1974, 20, 48),
(1975, 20, 22),
(1976, 20, 288),
(1977, 20, 191),
(1978, 20, 164),
(1979, 20, 600),
(1980, 20, 71),
(1981, 20, 451),
(1982, 20, 149),
(1983, 20, 318),
(1984, 20, 333),
(1985, 20, 178),
(1986, 20, 180),
(1987, 20, 226),
(1988, 20, 224),
(1989, 20, 430),
(1990, 20, 195),
(1991, 20, 467),
(1992, 20, 356),
(1993, 20, 40),
(1994, 20, 272),
(1995, 20, 158),
(1996, 20, 33),
(1997, 20, 204),
(1998, 20, 376),
(1999, 20, 177),
(2000, 20, 232),
(2001, 21, 128),
(2002, 21, 308),
(2003, 21, 256),
(2004, 21, 185),
(2005, 21, 313),
(2006, 21, 339),
(2007, 21, 465),
(2008, 21, 367),
(2009, 21, 256),
(2010, 21, 59),
(2011, 21, 280),
(2012, 21, 415),
(2013, 21, 436),
(2014, 21, 267),
(2015, 21, 81),
(2016, 21, 509),
(2017, 21, 278),
(2018, 21, 76),
(2019, 21, 424),
(2020, 21, 595),
(2021, 21, 478),
(2022, 21, 595),
(2023, 21, 278),
(2024, 21, 306),
(2025, 21, 45),
(2026, 21, 570),
(2027, 21, 496),
(2028, 21, 161),
(2029, 21, 125),
(2030, 21, 471),
(2031, 21, 219),
(2032, 21, 406),
(2033, 21, 420),
(2034, 21, 573),
(2035, 21, 200),
(2036, 21, 466),
(2037, 21, 114),
(2038, 21, 24),
(2039, 21, 227),
(2040, 21, 40),
(2041, 21, 553),
(2042, 21, 406),
(2043, 21, 107),
(2044, 21, 369),
(2045, 21, 208),
(2046, 21, 232),
(2047, 21, 266),
(2048, 21, 376),
(2049, 21, 584),
(2050, 21, 442),
(2051, 21, 72),
(2052, 21, 118),
(2053, 21, 400),
(2054, 21, 358),
(2055, 21, 373),
(2056, 21, 297),
(2057, 21, 477),
(2058, 21, 88),
(2059, 21, 398),
(2060, 21, 568),
(2061, 21, 44),
(2062, 21, 250),
(2063, 21, 313),
(2064, 21, 192),
(2065, 21, 254),
(2066, 21, 474),
(2067, 21, 390),
(2068, 21, 476),
(2069, 21, 551),
(2070, 21, 570),
(2071, 21, 80),
(2072, 21, 93),
(2073, 21, 442),
(2074, 21, 66),
(2075, 21, 502),
(2076, 21, 211),
(2077, 21, 17),
(2078, 21, 150),
(2079, 21, 30),
(2080, 21, 267),
(2081, 21, 485),
(2082, 21, 200),
(2083, 21, 28),
(2084, 21, 539),
(2085, 21, 156),
(2086, 21, 27),
(2087, 21, 154),
(2088, 21, 500),
(2089, 21, 245),
(2090, 21, 456),
(2091, 21, 426),
(2092, 21, 297),
(2093, 21, 381),
(2094, 21, 475),
(2095, 21, 569),
(2096, 21, 456),
(2097, 21, 247),
(2098, 21, 558),
(2099, 21, 543),
(2100, 21, 530),
(2101, 22, 309),
(2102, 22, 283),
(2103, 22, 69),
(2104, 22, 72),
(2105, 22, 72),
(2106, 22, 424),
(2107, 22, 123),
(2108, 22, 13),
(2109, 22, 250),
(2110, 22, 477),
(2111, 22, 481),
(2112, 22, 269),
(2113, 22, 486),
(2114, 22, 356),
(2115, 22, 547),
(2116, 22, 210),
(2117, 22, 230),
(2118, 22, 453),
(2119, 22, 172),
(2120, 22, 220),
(2121, 22, 576),
(2122, 22, 495),
(2123, 22, 328),
(2124, 22, 106),
(2125, 22, 31),
(2126, 22, 425),
(2127, 22, 376),
(2128, 22, 183),
(2129, 22, 600),
(2130, 22, 16),
(2131, 22, 373),
(2132, 22, 472),
(2133, 22, 485),
(2134, 22, 233),
(2135, 22, 159),
(2136, 22, 427),
(2137, 22, 325),
(2138, 22, 309),
(2139, 22, 46),
(2140, 22, 75),
(2141, 22, 403),
(2142, 22, 329),
(2143, 22, 408),
(2144, 22, 147),
(2145, 22, 236),
(2146, 22, 307),
(2147, 22, 558),
(2148, 22, 113),
(2149, 22, 492),
(2150, 22, 92),
(2151, 22, 148),
(2152, 22, 422),
(2153, 22, 524),
(2154, 22, 509),
(2155, 22, 595),
(2156, 22, 286),
(2157, 22, 528),
(2158, 22, 170),
(2159, 22, 493),
(2160, 22, 391),
(2161, 22, 103),
(2162, 22, 564),
(2163, 22, 427),
(2164, 22, 71),
(2165, 22, 229),
(2166, 22, 123),
(2167, 22, 418),
(2168, 22, 3),
(2169, 22, 495),
(2170, 22, 62),
(2171, 22, 304),
(2172, 22, 318),
(2173, 22, 21),
(2174, 22, 145),
(2175, 22, 558),
(2176, 22, 32),
(2177, 22, 303),
(2178, 22, 294),
(2179, 22, 81),
(2180, 22, 442),
(2181, 22, 423),
(2182, 22, 252),
(2183, 22, 136),
(2184, 22, 398),
(2185, 22, 433),
(2186, 22, 127),
(2187, 22, 571),
(2188, 22, 422),
(2189, 22, 147),
(2190, 22, 18),
(2191, 22, 513),
(2192, 22, 382),
(2193, 22, 81),
(2194, 22, 269),
(2195, 22, 91),
(2196, 22, 173),
(2197, 22, 342),
(2198, 22, 317),
(2199, 22, 162),
(2200, 22, 291),
(2201, 23, 329),
(2202, 23, 350),
(2203, 23, 169),
(2204, 23, 418),
(2205, 23, 374),
(2206, 23, 294),
(2207, 23, 265),
(2208, 23, 51),
(2209, 23, 494),
(2210, 23, 406),
(2211, 23, 400),
(2212, 23, 323),
(2213, 23, 76),
(2214, 23, 297),
(2215, 23, 36),
(2216, 23, 585),
(2217, 23, 153),
(2218, 23, 497),
(2219, 23, 314),
(2220, 23, 505),
(2221, 23, 160),
(2222, 23, 93),
(2223, 23, 57),
(2224, 23, 153),
(2225, 23, 95),
(2226, 23, 131),
(2227, 23, 530),
(2228, 23, 404),
(2229, 23, 413),
(2230, 23, 413),
(2231, 23, 244),
(2232, 23, 219),
(2233, 23, 417),
(2234, 23, 533),
(2235, 23, 385),
(2236, 23, 101),
(2237, 23, 288),
(2238, 23, 441),
(2239, 23, 230),
(2240, 23, 111),
(2241, 23, 135),
(2242, 23, 335),
(2243, 23, 189),
(2244, 23, 93),
(2245, 23, 2),
(2246, 23, 188),
(2247, 23, 464),
(2248, 23, 138),
(2249, 23, 397),
(2250, 23, 23),
(2251, 23, 202),
(2252, 23, 404),
(2253, 23, 443),
(2254, 23, 74),
(2255, 23, 132),
(2256, 23, 554),
(2257, 23, 389),
(2258, 23, 11),
(2259, 23, 590),
(2260, 23, 21),
(2261, 23, 318),
(2262, 23, 363),
(2263, 23, 95),
(2264, 23, 101),
(2265, 23, 325),
(2266, 23, 184),
(2267, 23, 154),
(2268, 23, 178),
(2269, 23, 529),
(2270, 23, 251),
(2271, 23, 42),
(2272, 23, 429),
(2273, 23, 292),
(2274, 23, 482),
(2275, 23, 176),
(2276, 23, 131),
(2277, 23, 113),
(2278, 23, 184),
(2279, 23, 164),
(2280, 23, 50),
(2281, 23, 55),
(2282, 23, 462),
(2283, 23, 93),
(2284, 23, 68),
(2285, 23, 34),
(2286, 23, 281),
(2287, 23, 434),
(2288, 23, 594),
(2289, 23, 296),
(2290, 23, 113),
(2291, 23, 41),
(2292, 23, 114),
(2293, 23, 62),
(2294, 23, 546),
(2295, 23, 314),
(2296, 23, 325),
(2297, 23, 485),
(2298, 23, 155),
(2299, 23, 269),
(2300, 23, 133),
(2301, 24, 532),
(2302, 24, 257),
(2303, 24, 64),
(2304, 24, 420),
(2305, 24, 149),
(2306, 24, 210),
(2307, 24, 170),
(2308, 24, 423),
(2309, 24, 504),
(2310, 24, 94),
(2311, 24, 174),
(2312, 24, 423),
(2313, 24, 259),
(2314, 24, 564),
(2315, 24, 436),
(2316, 24, 502),
(2317, 24, 235),
(2318, 24, 509),
(2319, 24, 398),
(2320, 24, 297),
(2321, 24, 383),
(2322, 24, 208),
(2323, 24, 574),
(2324, 24, 554),
(2325, 24, 372),
(2326, 24, 196),
(2327, 24, 8),
(2328, 24, 209),
(2329, 24, 30),
(2330, 24, 190),
(2331, 24, 399),
(2332, 24, 64),
(2333, 24, 81),
(2334, 24, 464),
(2335, 24, 456),
(2336, 24, 124),
(2337, 24, 131),
(2338, 24, 446),
(2339, 24, 433),
(2340, 24, 302),
(2341, 24, 20),
(2342, 24, 470),
(2343, 24, 344),
(2344, 24, 282),
(2345, 24, 192),
(2346, 24, 62),
(2347, 24, 528),
(2348, 24, 72),
(2349, 24, 71),
(2350, 24, 216),
(2351, 24, 402),
(2352, 24, 115),
(2353, 24, 551),
(2354, 24, 222),
(2355, 24, 349),
(2356, 24, 99),
(2357, 24, 441),
(2358, 24, 172),
(2359, 24, 283),
(2360, 24, 583),
(2361, 24, 182),
(2362, 24, 299),
(2363, 24, 122),
(2364, 24, 373),
(2365, 24, 543),
(2366, 24, 315),
(2367, 24, 353),
(2368, 24, 592),
(2369, 24, 379),
(2370, 24, 443),
(2371, 24, 198),
(2372, 24, 114),
(2373, 24, 375),
(2374, 24, 356),
(2375, 24, 196),
(2376, 24, 555),
(2377, 24, 251),
(2378, 24, 218),
(2379, 24, 526),
(2380, 24, 571),
(2381, 24, 294),
(2382, 24, 57),
(2383, 24, 122),
(2384, 24, 482),
(2385, 24, 87),
(2386, 24, 357),
(2387, 24, 92),
(2388, 24, 241),
(2389, 24, 19),
(2390, 24, 481),
(2391, 24, 85),
(2392, 24, 548),
(2393, 24, 594),
(2394, 24, 469),
(2395, 24, 111),
(2396, 24, 401),
(2397, 24, 246),
(2398, 24, 598),
(2399, 24, 195),
(2400, 24, 216),
(2401, 25, 575),
(2402, 25, 76),
(2403, 25, 543),
(2404, 25, 48),
(2405, 25, 219),
(2406, 25, 590),
(2407, 25, 545),
(2408, 25, 583),
(2409, 25, 562),
(2410, 25, 313),
(2411, 25, 3),
(2412, 25, 237),
(2413, 25, 343),
(2414, 25, 569),
(2415, 25, 33),
(2416, 25, 320),
(2417, 25, 262),
(2418, 25, 177),
(2419, 25, 339),
(2420, 25, 211),
(2421, 25, 463),
(2422, 25, 351),
(2423, 25, 589),
(2424, 25, 358),
(2425, 25, 29),
(2426, 25, 534),
(2427, 25, 468),
(2428, 25, 220),
(2429, 25, 212),
(2430, 25, 109),
(2431, 25, 5),
(2432, 25, 214),
(2433, 25, 516),
(2434, 25, 501),
(2435, 25, 214),
(2436, 25, 313),
(2437, 25, 161),
(2438, 25, 49),
(2439, 25, 464),
(2440, 25, 200),
(2441, 25, 237),
(2442, 25, 289),
(2443, 25, 258),
(2444, 25, 111),
(2445, 25, 245),
(2446, 25, 409),
(2447, 25, 61),
(2448, 25, 501),
(2449, 25, 481),
(2450, 25, 231),
(2451, 25, 36),
(2452, 25, 528),
(2453, 25, 524),
(2454, 25, 256),
(2455, 25, 141),
(2456, 25, 275),
(2457, 25, 202),
(2458, 25, 191),
(2459, 25, 405),
(2460, 25, 170),
(2461, 25, 439),
(2462, 25, 263),
(2463, 25, 216),
(2464, 25, 62),
(2465, 25, 241),
(2466, 25, 159),
(2467, 25, 593),
(2468, 25, 266),
(2469, 25, 131),
(2470, 25, 446),
(2471, 25, 393),
(2472, 25, 143),
(2473, 25, 393),
(2474, 25, 539),
(2475, 25, 176),
(2476, 25, 355),
(2477, 25, 274),
(2478, 25, 139),
(2479, 25, 188),
(2480, 25, 249),
(2481, 25, 585),
(2482, 25, 239),
(2483, 25, 85),
(2484, 25, 103),
(2485, 25, 92),
(2486, 25, 488),
(2487, 25, 147),
(2488, 25, 160),
(2489, 25, 170),
(2490, 25, 368),
(2491, 25, 482),
(2492, 25, 550),
(2493, 25, 529),
(2494, 25, 253),
(2495, 25, 248),
(2496, 25, 276),
(2497, 25, 303),
(2498, 25, 530),
(2499, 25, 24),
(2500, 25, 82),
(2501, 26, 504),
(2502, 26, 484),
(2503, 26, 14),
(2504, 26, 231),
(2505, 26, 107),
(2506, 26, 53),
(2507, 26, 39),
(2508, 26, 314),
(2509, 26, 155),
(2510, 26, 162),
(2511, 26, 6),
(2512, 26, 306),
(2513, 26, 296),
(2514, 26, 419),
(2515, 26, 438),
(2516, 26, 86),
(2517, 26, 495),
(2518, 26, 482),
(2519, 26, 313),
(2520, 26, 416),
(2521, 26, 463),
(2522, 26, 538),
(2523, 26, 190),
(2524, 26, 256),
(2525, 26, 471),
(2526, 26, 162),
(2527, 26, 235),
(2528, 26, 545),
(2529, 26, 397),
(2530, 26, 38),
(2531, 26, 281),
(2532, 26, 188),
(2533, 26, 367),
(2534, 26, 346),
(2535, 26, 459),
(2536, 26, 79),
(2537, 26, 336),
(2538, 26, 107),
(2539, 26, 79),
(2540, 26, 531),
(2541, 26, 224),
(2542, 26, 5),
(2543, 26, 215),
(2544, 26, 230),
(2545, 26, 22),
(2546, 26, 564),
(2547, 26, 346),
(2548, 26, 72),
(2549, 26, 132),
(2550, 26, 86),
(2551, 26, 40),
(2552, 26, 90),
(2553, 26, 175),
(2554, 26, 391),
(2555, 26, 484),
(2556, 26, 367),
(2557, 26, 372),
(2558, 26, 21),
(2559, 26, 510),
(2560, 26, 414),
(2561, 26, 531),
(2562, 26, 105),
(2563, 26, 590),
(2564, 26, 233),
(2565, 26, 136),
(2566, 26, 351),
(2567, 26, 77),
(2568, 26, 573),
(2569, 26, 171),
(2570, 26, 308),
(2571, 26, 396),
(2572, 26, 108),
(2573, 26, 329),
(2574, 26, 158),
(2575, 26, 81),
(2576, 26, 59),
(2577, 26, 5),
(2578, 26, 476),
(2579, 26, 555),
(2580, 26, 449),
(2581, 26, 478),
(2582, 26, 386),
(2583, 26, 557),
(2584, 26, 509),
(2585, 26, 202),
(2586, 26, 446),
(2587, 26, 469),
(2588, 26, 89),
(2589, 26, 337),
(2590, 26, 226),
(2591, 26, 23),
(2592, 26, 116),
(2593, 26, 553),
(2594, 26, 556),
(2595, 26, 205),
(2596, 26, 21),
(2597, 26, 127),
(2598, 26, 348),
(2599, 26, 553),
(2600, 26, 83),
(2601, 27, 458),
(2602, 27, 180),
(2603, 27, 409),
(2604, 27, 225),
(2605, 27, 92),
(2606, 27, 461),
(2607, 27, 435),
(2608, 27, 316),
(2609, 27, 219),
(2610, 27, 540),
(2611, 27, 255),
(2612, 27, 101),
(2613, 27, 220),
(2614, 27, 481),
(2615, 27, 18),
(2616, 27, 83),
(2617, 27, 28),
(2618, 27, 422),
(2619, 27, 232),
(2620, 27, 39),
(2621, 27, 503),
(2622, 27, 293),
(2623, 27, 325),
(2624, 27, 353),
(2625, 27, 427),
(2626, 27, 571),
(2627, 27, 523),
(2628, 27, 580),
(2629, 27, 471),
(2630, 27, 464),
(2631, 27, 568),
(2632, 27, 443),
(2633, 27, 354),
(2634, 27, 313),
(2635, 27, 269),
(2636, 27, 599),
(2637, 27, 507),
(2638, 27, 433),
(2639, 27, 231),
(2640, 27, 369),
(2641, 27, 423),
(2642, 27, 60),
(2643, 27, 172),
(2644, 27, 260),
(2645, 27, 353),
(2646, 27, 404),
(2647, 27, 138),
(2648, 27, 46),
(2649, 27, 59),
(2650, 27, 151),
(2651, 27, 229),
(2652, 27, 288),
(2653, 27, 14),
(2654, 27, 168),
(2655, 27, 95),
(2656, 27, 434),
(2657, 27, 54),
(2658, 27, 395),
(2659, 27, 163),
(2660, 27, 594),
(2661, 27, 588),
(2662, 27, 205),
(2663, 27, 420),
(2664, 27, 462),
(2665, 27, 39),
(2666, 27, 52),
(2667, 27, 20),
(2668, 27, 299),
(2669, 27, 304),
(2670, 27, 366),
(2671, 27, 443),
(2672, 27, 534),
(2673, 27, 356),
(2674, 27, 533),
(2675, 27, 418),
(2676, 27, 106),
(2677, 27, 423),
(2678, 27, 594),
(2679, 27, 387),
(2680, 27, 151),
(2681, 27, 520),
(2682, 27, 50),
(2683, 27, 218),
(2684, 27, 347),
(2685, 27, 361),
(2686, 27, 495),
(2687, 27, 18),
(2688, 27, 151),
(2689, 27, 453),
(2690, 27, 186),
(2691, 27, 380),
(2692, 27, 177),
(2693, 27, 600),
(2694, 27, 103),
(2695, 27, 186),
(2696, 27, 400),
(2697, 27, 586),
(2698, 27, 137),
(2699, 27, 102),
(2700, 27, 513),
(2701, 28, 252),
(2702, 28, 155),
(2703, 28, 322),
(2704, 28, 140),
(2705, 28, 92),
(2706, 28, 82),
(2707, 28, 287),
(2708, 28, 317),
(2709, 28, 321),
(2710, 28, 323),
(2711, 28, 126),
(2712, 28, 519),
(2713, 28, 479),
(2714, 28, 533),
(2715, 28, 139),
(2716, 28, 508),
(2717, 28, 453),
(2718, 28, 18),
(2719, 28, 11),
(2720, 28, 16),
(2721, 28, 278),
(2722, 28, 225),
(2723, 28, 443),
(2724, 28, 599),
(2725, 28, 503),
(2726, 28, 512),
(2727, 28, 436),
(2728, 28, 585),
(2729, 28, 362),
(2730, 28, 98),
(2731, 28, 219),
(2732, 28, 259),
(2733, 28, 412),
(2734, 28, 86),
(2735, 28, 398),
(2736, 28, 528),
(2737, 28, 539),
(2738, 28, 32),
(2739, 28, 3),
(2740, 28, 175),
(2741, 28, 427),
(2742, 28, 467),
(2743, 28, 304),
(2744, 28, 29),
(2745, 28, 47),
(2746, 28, 380),
(2747, 28, 557),
(2748, 28, 329),
(2749, 28, 256),
(2750, 28, 349),
(2751, 28, 204),
(2752, 28, 442),
(2753, 28, 299),
(2754, 28, 66),
(2755, 28, 354),
(2756, 28, 563),
(2757, 28, 84),
(2758, 28, 559),
(2759, 28, 103),
(2760, 28, 183),
(2761, 28, 600),
(2762, 28, 596),
(2763, 28, 140),
(2764, 28, 48),
(2765, 28, 548),
(2766, 28, 571),
(2767, 28, 230),
(2768, 28, 415),
(2769, 28, 484),
(2770, 28, 245),
(2771, 28, 213),
(2772, 28, 212),
(2773, 28, 104),
(2774, 28, 429),
(2775, 28, 490),
(2776, 28, 265),
(2777, 28, 306),
(2778, 28, 56),
(2779, 28, 237),
(2780, 28, 278),
(2781, 28, 372),
(2782, 28, 73),
(2783, 28, 265),
(2784, 28, 476),
(2785, 28, 225),
(2786, 28, 245),
(2787, 28, 119),
(2788, 28, 434),
(2789, 28, 190),
(2790, 28, 242),
(2791, 28, 494),
(2792, 28, 322),
(2793, 28, 306),
(2794, 28, 516),
(2795, 28, 62),
(2796, 28, 299),
(2797, 28, 80),
(2798, 28, 236),
(2799, 28, 515),
(2800, 28, 399),
(2801, 29, 399),
(2802, 29, 591),
(2803, 29, 438),
(2804, 29, 217),
(2805, 29, 538),
(2806, 29, 12),
(2807, 29, 272),
(2808, 29, 14),
(2809, 29, 401),
(2810, 29, 375),
(2811, 29, 486),
(2812, 29, 518),
(2813, 29, 566),
(2814, 29, 413),
(2815, 29, 79),
(2816, 29, 281),
(2817, 29, 475),
(2818, 29, 530),
(2819, 29, 371),
(2820, 29, 9),
(2821, 29, 548),
(2822, 29, 277),
(2823, 29, 460),
(2824, 29, 157),
(2825, 29, 324),
(2826, 29, 205),
(2827, 29, 519),
(2828, 29, 505),
(2829, 29, 591),
(2830, 29, 152),
(2831, 29, 536),
(2832, 29, 417),
(2833, 29, 386),
(2834, 29, 189),
(2835, 29, 67),
(2836, 29, 380),
(2837, 29, 536),
(2838, 29, 245),
(2839, 29, 191),
(2840, 29, 106),
(2841, 29, 177),
(2842, 29, 118),
(2843, 29, 31),
(2844, 29, 450),
(2845, 29, 252),
(2846, 29, 236),
(2847, 29, 578),
(2848, 29, 171),
(2849, 29, 511),
(2850, 29, 128),
(2851, 29, 142),
(2852, 29, 51),
(2853, 29, 131),
(2854, 29, 297),
(2855, 29, 106),
(2856, 29, 294),
(2857, 29, 345),
(2858, 29, 69),
(2859, 29, 42),
(2860, 29, 345),
(2861, 29, 85),
(2862, 29, 426),
(2863, 29, 566),
(2864, 29, 352),
(2865, 29, 82),
(2866, 29, 374),
(2867, 29, 103),
(2868, 29, 202),
(2869, 29, 268),
(2870, 29, 153),
(2871, 29, 434),
(2872, 29, 14),
(2873, 29, 565),
(2874, 29, 400),
(2875, 29, 257),
(2876, 29, 194),
(2877, 29, 323),
(2878, 29, 222),
(2879, 29, 516),
(2880, 29, 388),
(2881, 29, 305),
(2882, 29, 440),
(2883, 29, 182),
(2884, 29, 358),
(2885, 29, 77),
(2886, 29, 200),
(2887, 29, 461),
(2888, 29, 358),
(2889, 29, 274),
(2890, 29, 513),
(2891, 29, 165),
(2892, 29, 345),
(2893, 29, 587),
(2894, 29, 533),
(2895, 29, 221),
(2896, 29, 194),
(2897, 29, 502),
(2898, 29, 36),
(2899, 29, 264),
(2900, 29, 539),
(2901, 30, 359),
(2902, 30, 282),
(2903, 30, 275),
(2904, 30, 596),
(2905, 30, 519),
(2906, 30, 189),
(2907, 30, 388),
(2908, 30, 439),
(2909, 30, 329),
(2910, 30, 564),
(2911, 30, 597),
(2912, 30, 443),
(2913, 30, 168),
(2914, 30, 164),
(2915, 30, 434),
(2916, 30, 395),
(2917, 30, 159),
(2918, 30, 448),
(2919, 30, 292),
(2920, 30, 313),
(2921, 30, 537),
(2922, 30, 232),
(2923, 30, 387),
(2924, 30, 297),
(2925, 30, 308),
(2926, 30, 404),
(2927, 30, 565),
(2928, 30, 341),
(2929, 30, 45),
(2930, 30, 96),
(2931, 30, 423),
(2932, 30, 407),
(2933, 30, 534),
(2934, 30, 370),
(2935, 30, 64),
(2936, 30, 389),
(2937, 30, 105),
(2938, 30, 367),
(2939, 30, 25),
(2940, 30, 21),
(2941, 30, 14),
(2942, 30, 38),
(2943, 30, 556),
(2944, 30, 391),
(2945, 30, 122),
(2946, 30, 149),
(2947, 30, 55),
(2948, 30, 68),
(2949, 30, 204),
(2950, 30, 113),
(2951, 30, 267),
(2952, 30, 133),
(2953, 30, 149),
(2954, 30, 54),
(2955, 30, 481),
(2956, 30, 222),
(2957, 30, 341),
(2958, 30, 460),
(2959, 30, 358),
(2960, 30, 264),
(2961, 30, 241),
(2962, 30, 334),
(2963, 30, 411),
(2964, 30, 533),
(2965, 30, 212),
(2966, 30, 175),
(2967, 30, 368),
(2968, 30, 460),
(2969, 30, 137),
(2970, 30, 156),
(2971, 30, 28),
(2972, 30, 270),
(2973, 30, 390),
(2974, 30, 8),
(2975, 30, 583),
(2976, 30, 466),
(2977, 30, 29),
(2978, 30, 3),
(2979, 30, 586),
(2980, 30, 50),
(2981, 30, 459),
(2982, 30, 479),
(2983, 30, 74),
(2984, 30, 224),
(2985, 30, 321),
(2986, 30, 333),
(2987, 30, 553),
(2988, 30, 278),
(2989, 30, 126),
(2990, 30, 599),
(2991, 30, 267),
(2992, 30, 308),
(2993, 30, 248),
(2994, 30, 572),
(2995, 30, 560),
(2996, 30, 457),
(2997, 30, 448),
(2998, 30, 442),
(2999, 30, 62),
(3000, 30, 395),
(3001, 31, 165),
(3002, 31, 277),
(3003, 31, 549),
(3004, 31, 494),
(3005, 31, 173),
(3006, 31, 189),
(3007, 31, 504),
(3008, 31, 267),
(3009, 31, 461),
(3010, 31, 242),
(3011, 31, 274),
(3012, 31, 460),
(3013, 31, 311),
(3014, 31, 387),
(3015, 31, 486),
(3016, 31, 190),
(3017, 31, 425),
(3018, 31, 287),
(3019, 31, 49),
(3020, 31, 233),
(3021, 31, 251),
(3022, 31, 532),
(3023, 31, 8),
(3024, 31, 56),
(3025, 31, 510),
(3026, 31, 199),
(3027, 31, 3),
(3028, 31, 582),
(3029, 31, 30),
(3030, 31, 432),
(3031, 31, 570),
(3032, 31, 446),
(3033, 31, 211),
(3034, 31, 271),
(3035, 31, 421),
(3036, 31, 220),
(3037, 31, 162),
(3038, 31, 559),
(3039, 31, 306),
(3040, 31, 486),
(3041, 31, 127),
(3042, 31, 401),
(3043, 31, 546),
(3044, 31, 285),
(3045, 31, 156),
(3046, 31, 133),
(3047, 31, 174),
(3048, 31, 154),
(3049, 31, 107),
(3050, 31, 495),
(3051, 31, 518),
(3052, 31, 270),
(3053, 31, 10),
(3054, 31, 266),
(3055, 31, 460),
(3056, 31, 431),
(3057, 31, 548),
(3058, 31, 255),
(3059, 31, 514),
(3060, 31, 174),
(3061, 31, 116),
(3062, 31, 391),
(3063, 31, 51),
(3064, 31, 228),
(3065, 31, 261),
(3066, 31, 164),
(3067, 31, 284),
(3068, 31, 382),
(3069, 31, 571),
(3070, 31, 415),
(3071, 31, 220),
(3072, 31, 593),
(3073, 31, 51),
(3074, 31, 281),
(3075, 31, 27),
(3076, 31, 560),
(3077, 31, 417),
(3078, 31, 120),
(3079, 31, 473),
(3080, 31, 434),
(3081, 31, 347),
(3082, 31, 138),
(3083, 31, 116),
(3084, 31, 160),
(3085, 31, 507),
(3086, 31, 144),
(3087, 31, 511),
(3088, 31, 558),
(3089, 31, 515),
(3090, 31, 258),
(3091, 31, 313),
(3092, 31, 317),
(3093, 31, 35),
(3094, 31, 577),
(3095, 31, 346),
(3096, 31, 561),
(3097, 31, 493),
(3098, 31, 488),
(3099, 31, 478),
(3100, 31, 460),
(3101, 32, 311),
(3102, 32, 591),
(3103, 32, 343),
(3104, 32, 266),
(3105, 32, 90),
(3106, 32, 161),
(3107, 32, 116),
(3108, 32, 493),
(3109, 32, 112),
(3110, 32, 253),
(3111, 32, 100),
(3112, 32, 152),
(3113, 32, 473),
(3114, 32, 388),
(3115, 32, 272),
(3116, 32, 365),
(3117, 32, 114),
(3118, 32, 428),
(3119, 32, 61),
(3120, 32, 167),
(3121, 32, 493),
(3122, 32, 584),
(3123, 32, 7),
(3124, 32, 412),
(3125, 32, 426),
(3126, 32, 428),
(3127, 32, 265),
(3128, 32, 68),
(3129, 32, 473),
(3130, 32, 42),
(3131, 32, 270),
(3132, 32, 571),
(3133, 32, 17),
(3134, 32, 411),
(3135, 32, 418),
(3136, 32, 380),
(3137, 32, 414),
(3138, 32, 547),
(3139, 32, 504),
(3140, 32, 341),
(3141, 32, 373),
(3142, 32, 87),
(3143, 32, 218),
(3144, 32, 217),
(3145, 32, 123),
(3146, 32, 151),
(3147, 32, 492),
(3148, 32, 313),
(3149, 32, 277),
(3150, 32, 435),
(3151, 32, 181),
(3152, 32, 356),
(3153, 32, 546),
(3154, 32, 196),
(3155, 32, 290),
(3156, 32, 231),
(3157, 32, 531),
(3158, 32, 292),
(3159, 32, 425),
(3160, 32, 319),
(3161, 32, 291),
(3162, 32, 413),
(3163, 32, 245),
(3164, 32, 103),
(3165, 32, 433),
(3166, 32, 206),
(3167, 32, 365),
(3168, 32, 532),
(3169, 32, 129),
(3170, 32, 280),
(3171, 32, 247),
(3172, 32, 237),
(3173, 32, 318),
(3174, 32, 327),
(3175, 32, 49),
(3176, 32, 433),
(3177, 32, 157),
(3178, 32, 362),
(3179, 32, 518),
(3180, 32, 403),
(3181, 32, 72),
(3182, 32, 223),
(3183, 32, 407),
(3184, 32, 294),
(3185, 32, 316),
(3186, 32, 524),
(3187, 32, 386),
(3188, 32, 312),
(3189, 32, 444),
(3190, 32, 293),
(3191, 32, 446),
(3192, 32, 323),
(3193, 32, 44),
(3194, 32, 442),
(3195, 32, 32),
(3196, 32, 110),
(3197, 32, 342),
(3198, 32, 371),
(3199, 32, 355),
(3200, 32, 328);

-- TABLE Anstellungen

-- TABLE Transfers
INSERT INTO transfers (transferId, käufer, verkäufer, transferierter, altePosition, alteNummer, alterBereich, summe) VALUES
(1, 4, NULL, 1030, NULL, NULL, NULL, 0),
(2, 1, 13, 1008, 'Verteidigung', NULL, NULL, 200000.0),
(3, 7, 18, 1031, 'Mittelfeld', 4, NULL, 0),
(4, 10, 4, 1032, 'Verteidigung', NULL, NULL, 0),
(5, 4, 19, 1033, 'Angriff', 12, NULL, NULL),
(6, 9, 20, 1034, 'Mittelfeld', 10, NULL, NULL),
(7, 21, 22, 1035, 'Mittelfeld', 66, NULL, NULL),

-- TABLE  begegnungen
INSERT INTO abegegnungen (begegnungsid, heim, gast, spieldatum, austragungsort, toreheim, toregast) VALUES
(1, 7, 6, 18.07.2015, 'Swissporarena', 2, 2),
(2, 1, 5, 18.07.2015, 'Letzigrund', 1, 1),
(3, 10, 4, 19.07.2015, 'St. Jakob-Park', 2, 0),
(4, 3, 9, 19.07.2015, 'Arenaa Thun', 3, 5),
(5, 2, 8, 19.07.2015, 'AFG Arena', 2, 0),
(6, 5, 7, 25.07.2015, 'Stade de Suisse', 1, 1),
(7, 9, 10, 25.07.2015, 'Letzigrund', 2, 3),
(8, 8, 3, 26.07.2015, 'Stadio Comaredo', 2, 3),
(9, 6, 2, 26.07.2015, 'Stade Tourbillon', 1, 0),
(10, 4, 1, 26.07.2015, 'Rheinpark Stadion', 2, 2),
(11, 10, 6, 01.08.2015, 'St. Jakob-Park', 3, 0),
(12, 2, 5, 01.08.2015, 'AFG Arena', 1, 1),
(13, 3, 7, 02.08.2015, 'Arena Thun', 0, 1),
(14, 8, 4, 02.08.2015, 'Stadio Comaredo', 1, 0),
(15, 1, 9, 02.08.2015, 'Letzigrund', 2, 3),
(16, 9, 8, 08.08.2015, 'Letzigrund', 1, 3),
(17, 7, 10, 08.08.2015, 'Swissporarena', 2, 2),
(18, 4, 6, 09.08.2015, 'Rheinpark Stadion', 1, 1),
(19, 2, 1, 09.08.2015, 'AFG Arena', 0, 2),
(20, 5, 3, 09.08.2015, 'Stade de Suisse', 3, 1),
(21, 9, 3, 12.08.2015, 'St. Jakob-Park', 3, 1),
(22, 5, 8, 12.08.2015, 'Stade de Suisse', 0, 1),
(23, 7, 2, 12.08.2015, 'Swissporarena', 0, 1),
(24, 4, 9, 13.08.2015, 'Rheinpark Stadion', 3, 3),
(25, 6, 1, 13.08.2015, 'Stade Tourbillon', 3, 1),
(26, 8, 10, 29.08.2015, 'Stadio Comaredo', 1, 3),
(27, 1, 1, 29.08.2015, 'Letzigrund', 2, 5),
(28, 1, 4, 07.11.2015, 'Letzigrund', NULL, NULL),
(29, 8, 5, 07.11.2015, 'Stadio Comaredo', NULL, NULL),
(30, 3, 2, 08.11.2015, 'Arena Thun', NULL, NULL),
(31, 6, 7, 08.11.2015, 'Stade Tourbillon', NULL, NULL),
(32, 10, 9, 08.11.2015, 'St. Jakob-Park', NULL, NULL);
